-- phpMyAdmin SQL Dump
-- version 4.6.6deb5
-- https://www.phpmyadmin.net/
--
-- Host: localhost:3306
-- Generation Time: Jan 03, 2020 at 02:16 PM
-- Server version: 5.7.28-0ubuntu0.18.04.4
-- PHP Version: 7.2.24-0ubuntu0.18.04.1

SET SQL_MODE = "NO_AUTO_VALUE_ON_ZERO";
SET time_zone = "+00:00";


/*!40101 SET @OLD_CHARACTER_SET_CLIENT=@@CHARACTER_SET_CLIENT */;
/*!40101 SET @OLD_CHARACTER_SET_RESULTS=@@CHARACTER_SET_RESULTS */;
/*!40101 SET @OLD_COLLATION_CONNECTION=@@COLLATION_CONNECTION */;
/*!40101 SET NAMES utf8mb4 */;

--
-- Database: `puji`
--

-- --------------------------------------------------------

--
-- Table structure for table `counter`
--

CREATE TABLE `counter` (
  `id` varchar(2) NOT NULL COMMENT 'A=notrans, B=stock_opname, C=master_stok_kasir, D=retur_kasir',
  `counter` int(5) NOT NULL
) ENGINE=MyISAM DEFAULT CHARSET=utf8mb4;

--
-- Dumping data for table `counter`
--

INSERT INTO `counter` (`id`, `counter`) VALUES
('A', 116),
('B', 15),
('C', 26),
('D', 4);

-- --------------------------------------------------------

--
-- Table structure for table `log`
--

CREATE TABLE `log` (
  `id_log` int(10) NOT NULL,
  `ket` varchar(100) DEFAULT NULL,
  `kode_m_kasir` varchar(10) DEFAULT NULL,
  `kode_barang` int(10) NOT NULL,
  `qty` int(10) NOT NULL,
  `tipe` varchar(1) NOT NULL COMMENT 'A=pabrik-gudang, B=gudang-kasir, C=penjualan, D=retur_kasir',
  `datetime` datetime NOT NULL
) ENGINE=MyISAM DEFAULT CHARSET=latin1;

--
-- Dumping data for table `log`
--

INSERT INTO `log` (`id_log`, `ket`, `kode_m_kasir`, `kode_barang`, `qty`, `tipe`, `datetime`) VALUES
(269, '2B2019120007', NULL, 109, 3, 'A', '2019-12-31 10:28:32'),
(268, '2B2019120007', NULL, 98, 22, 'A', '2019-12-31 10:28:32'),
(267, '2B2019120007', NULL, 97, 12, 'A', '2019-12-31 10:28:32'),
(266, '2B2019120007', NULL, 96, 4, 'A', '2019-12-31 10:28:32'),
(265, '2B2019120007', NULL, 95, 20, 'A', '2019-12-31 10:28:32'),
(264, '2B2019120007', NULL, 92, 6, 'A', '2019-12-31 10:28:32'),
(263, '2B2019120007', NULL, 145, 1, 'A', '2019-12-31 10:28:32'),
(262, '2B2019120007', NULL, 144, 6, 'A', '2019-12-31 10:28:32'),
(261, '2B2019120007', NULL, 143, 12, 'A', '2019-12-31 10:28:32'),
(260, '2B2019120007', NULL, 149, 7, 'A', '2019-12-31 10:28:32'),
(259, '2B2019120007', NULL, 147, 5, 'A', '2019-12-31 10:28:32'),
(258, '2B2019120007', NULL, 142, 1, 'A', '2019-12-31 10:28:32'),
(257, '2B2019120007', NULL, 138, 4, 'A', '2019-12-31 10:28:32'),
(256, '2B2019120007', NULL, 177, 1, 'A', '2019-12-31 10:28:32'),
(255, '2B2019120007', NULL, 176, 33, 'A', '2019-12-31 10:28:32'),
(254, '2B2019120007', NULL, 124, 3, 'A', '2019-12-31 10:28:32'),
(253, '2B2019120007', NULL, 175, 1, 'A', '2019-12-31 10:28:32'),
(252, '2B2019120007', NULL, 173, 3, 'A', '2019-12-31 10:28:32'),
(251, '2B2019120007', NULL, 130, 10, 'A', '2019-12-31 10:28:32'),
(250, '2B2019120007', NULL, 137, 11, 'A', '2019-12-31 10:28:32'),
(249, '2B2019120007', NULL, 136, 6, 'A', '2019-12-31 10:28:32'),
(248, '2B2019120007', NULL, 135, 5, 'A', '2019-12-31 10:28:32'),
(247, '2B2019120007', NULL, 133, 8, 'A', '2019-12-31 10:28:32'),
(246, '2B2019120007', NULL, 134, 8, 'A', '2019-12-31 10:28:32'),
(245, '2B2019120007', NULL, 174, 2, 'A', '2019-12-31 10:28:32'),
(244, '2B2019120007', NULL, 201, 1, 'A', '2019-12-31 10:28:32'),
(243, '2B2019120007', NULL, 199, 16, 'A', '2019-12-31 10:28:32'),
(242, '2B2019120007', NULL, 197, 8, 'A', '2019-12-31 10:28:32'),
(241, '2B2019120007', NULL, 195, 7, 'A', '2019-12-31 10:28:32'),
(240, '2B2019120007', NULL, 168, 16, 'A', '2019-12-31 10:28:32'),
(239, '2B2019120007', NULL, 169, 16, 'A', '2019-12-31 10:28:32'),
(238, '2B2019120007', NULL, 170, 1, 'A', '2019-12-31 10:28:32'),
(237, '2B2019120007', NULL, 171, 2, 'A', '2019-12-31 10:28:32'),
(236, '2B2019120007', NULL, 167, 12, 'A', '2019-12-31 10:28:32'),
(235, '2B2019120007', NULL, 229, 3, 'A', '2019-12-31 10:28:32'),
(234, '2B2019120007', NULL, 164, 7, 'A', '2019-12-31 10:28:32'),
(233, '2B2019120007', NULL, 163, 9, 'A', '2019-12-31 10:28:32'),
(232, '2B2019120007', NULL, 162, 14, 'A', '2019-12-31 10:28:32'),
(231, '2B2019120007', NULL, 161, 23, 'A', '2019-12-31 10:28:32'),
(230, '2B2019120007', NULL, 159, 38, 'A', '2019-12-31 10:28:32'),
(229, '2B2019120007', NULL, 158, 14, 'A', '2019-12-31 10:28:32'),
(228, '2B2019120007', NULL, 64, 3, 'A', '2019-12-31 10:28:32'),
(227, '2B2019120007', NULL, 63, 24, 'A', '2019-12-31 10:28:32'),
(226, '2B2019120007', NULL, 76, 38, 'A', '2019-12-31 10:28:32'),
(225, '2B2019120007', NULL, 88, 7, 'A', '2019-12-31 10:28:32'),
(224, '2B2019120007', NULL, 75, 26, 'A', '2019-12-31 10:28:32'),
(223, '2B2019120007', NULL, 74, 2, 'A', '2019-12-31 10:28:32'),
(222, '2B2019120007', NULL, 90, 5, 'A', '2019-12-31 10:28:32'),
(221, '2B2019120007', NULL, 73, 40, 'A', '2019-12-31 10:28:32'),
(220, '2B2019120007', NULL, 57, 57, 'A', '2019-12-31 10:28:32'),
(219, '2B2019120007', NULL, 56, 2, 'A', '2019-12-31 10:28:32'),
(218, '2B2019120007', NULL, 71, 40, 'A', '2019-12-31 10:28:32'),
(217, '2B2019120007', NULL, 70, 17, 'A', '2019-12-31 10:28:32'),
(216, '2B2019120007', NULL, 69, 10, 'A', '2019-12-31 10:28:32'),
(215, '2B2019120007', NULL, 87, 1, 'A', '2019-12-31 10:28:32'),
(214, '2B2019120007', NULL, 228, 14, 'A', '2019-12-31 10:28:32'),
(213, '2B2019120007', NULL, 218, 8, 'A', '2019-12-31 10:28:32'),
(212, '2B2019120007', NULL, 217, 17, 'A', '2019-12-31 10:28:32'),
(211, '2B2019120007', NULL, 224, 15, 'A', '2019-12-31 10:28:32'),
(210, '2B2019120007', NULL, 222, 1, 'A', '2019-12-31 10:28:32'),
(209, '2B2019120007', NULL, 227, 15, 'A', '2019-12-31 10:28:32'),
(208, '2B2019120007', NULL, 0, 0, 'A', '2019-12-31 10:28:32'),
(207, '2B2019120007', NULL, 0, 0, 'A', '2019-12-31 10:28:32'),
(206, '2B2019120007', NULL, 215, 38, 'A', '2019-12-31 10:28:32'),
(205, '2B2019120007', NULL, 219, 11, 'A', '2019-12-31 10:28:32'),
(204, '2B2019120007', NULL, 225, 22, 'A', '2019-12-31 10:28:32'),
(203, '2B2019120007', NULL, 188, 9, 'A', '2019-12-31 10:28:32'),
(202, '2B2019120007', NULL, 44, 10, 'A', '2019-12-31 10:28:32'),
(201, '2B2019120007', NULL, 190, 2, 'A', '2019-12-31 10:28:32'),
(200, '2B2019120007', NULL, 189, 18, 'A', '2019-12-31 10:28:32'),
(199, '2B2019120007', NULL, 185, 22, 'A', '2019-12-31 10:28:32'),
(198, '2B2019120007', NULL, 184, 3, 'A', '2019-12-31 10:28:32'),
(197, '2B2019120007', NULL, 153, 4, 'A', '2019-12-31 10:28:32'),
(196, '2B2019120007', NULL, 151, 9, 'A', '2019-12-31 10:28:32'),
(195, '2B2019120007', NULL, 150, 33, 'A', '2019-12-31 10:28:32'),
(194, '2B2019120007', NULL, 178, 23, 'A', '2019-12-31 10:28:32'),
(193, '2B2019120007', NULL, 121, 7, 'A', '2019-12-31 10:28:32'),
(192, '2B2019120007', NULL, 119, 11, 'A', '2019-12-31 10:28:32'),
(191, '2B2019120007', NULL, 118, 9, 'A', '2019-12-31 10:28:32'),
(190, '2B2019120007', NULL, 66, 14, 'A', '2019-12-31 10:28:32'),
(189, '2B2019120007', NULL, 68, 6, 'A', '2019-12-31 10:28:32'),
(188, '2B2019120007', NULL, 113, 10, 'A', '2019-12-31 10:28:32'),
(187, '2B2019120007', NULL, 29, 24, 'A', '2019-12-31 10:28:32'),
(270, '2B2019120007', NULL, 100, 7, 'A', '2019-12-31 10:28:32'),
(271, '2B2019120007', NULL, 104, 9, 'A', '2019-12-31 10:28:32'),
(272, '2B2019120007', NULL, 108, 8, 'A', '2019-12-31 10:28:32'),
(273, '2B2019120007', NULL, 105, 50, 'A', '2019-12-31 10:28:32'),
(274, '2B2019120007', NULL, 106, 21, 'A', '2019-12-31 10:28:32'),
(275, '2B2019120007', NULL, 110, 7, 'A', '2019-12-31 10:28:32'),
(276, '2B2019120007', NULL, 140, 6, 'A', '2019-12-31 10:28:32'),
(277, '2B2019120007', NULL, 123, 8, 'A', '2019-12-31 10:28:32'),
(278, '2B2019120007', NULL, 179, 3, 'A', '2019-12-31 10:28:32'),
(279, '2B2019120007', NULL, 182, 3, 'A', '2019-12-31 10:28:32'),
(280, '2B2019120007', NULL, 212, 8, 'A', '2019-12-31 10:28:32'),
(281, '2B2019120007', NULL, 214, 16, 'A', '2019-12-31 10:28:32'),
(282, '2B2019120007', NULL, 0, 0, 'A', '2019-12-31 10:28:32'),
(283, '2B2019120007', NULL, 213, 29, 'A', '2019-12-31 10:28:32'),
(284, '2B2019120007', NULL, 211, 11, 'A', '2019-12-31 10:28:32'),
(285, '2B2019120007', NULL, 210, 27, 'A', '2019-12-31 10:28:32'),
(286, '2C2019120021', '1', 150, 33, 'B', '2019-12-31 12:03:00'),
(287, '2C2019120021', '1', 178, 23, 'B', '2019-12-31 12:03:00'),
(288, '2C2019120021', '1', 121, 7, 'B', '2019-12-31 12:03:00'),
(289, '2C2019120021', '1', 119, 11, 'B', '2019-12-31 12:03:00'),
(290, '2C2019120021', '1', 118, 9, 'B', '2019-12-31 12:03:00'),
(291, '2C2019120021', '1', 29, 24, 'B', '2019-12-31 12:03:00'),
(292, '2C2019120021', '1', 113, 10, 'B', '2019-12-31 12:03:00'),
(293, '2C2019120021', '1', 0, 0, 'B', '2019-12-31 12:03:00'),
(294, '2C2019120021', '1', 66, 14, 'B', '2019-12-31 12:03:00'),
(295, '2C2019120021', '1', 25, 6, 'B', '2019-12-31 12:03:00'),
(296, '2C2019120021', '1', 151, 9, 'B', '2019-12-31 12:03:00'),
(297, '2C2019120021', '1', 153, 4, 'B', '2019-12-31 12:03:00'),
(298, '2C2019120021', '1', 63, 24, 'B', '2019-12-31 12:03:00'),
(299, '2C2019120021', '1', 14, 3, 'B', '2019-12-31 12:03:00'),
(300, '2C2019120021', '1', 185, 22, 'B', '2019-12-31 12:03:00'),
(301, '2C2019120021', '1', 189, 18, 'B', '2019-12-31 12:03:00'),
(302, '2C2019120021', '1', 190, 2, 'B', '2019-12-31 12:03:00'),
(303, '2C2019120021', '1', 191, 10, 'B', '2019-12-31 12:03:00'),
(304, '2C2019120021', '1', 188, 9, 'B', '2019-12-31 12:03:00'),
(305, '2C2019120021', '1', 225, 22, 'B', '2019-12-31 12:03:00'),
(306, '2C2019120021', '1', 219, 11, 'B', '2019-12-31 12:03:00'),
(307, '2C2019120021', '1', 215, 38, 'B', '2019-12-31 12:03:00'),
(308, '2C2019120021', '1', 236, 7, 'B', '2019-12-31 12:03:00'),
(309, '2C2019120021', '1', 237, 3, 'B', '2019-12-31 12:03:00'),
(310, '2C2019120021', '1', 238, 8, 'B', '2019-12-31 12:03:00'),
(311, '2C2019120021', '1', 227, 15, 'B', '2019-12-31 12:03:00'),
(312, '2C2019120021', '1', 222, 1, 'B', '2019-12-31 12:03:00'),
(313, '2C2019120021', '1', 232, 15, 'B', '2019-12-31 12:03:00'),
(314, '2C2019120021', '1', 217, 17, 'B', '2019-12-31 12:03:00'),
(315, '2C2019120021', '1', 218, 8, 'B', '2019-12-31 12:03:00'),
(316, '2C2019120021', '1', 228, 14, 'B', '2019-12-31 12:03:00'),
(317, '2C2019120021', '1', 239, 1, 'B', '2019-12-31 12:03:00'),
(318, '2C2019120021', '1', 87, 1, 'B', '2019-12-31 12:03:00'),
(319, '2C2019120021', '1', 51, 10, 'B', '2019-12-31 12:03:00'),
(320, '2C2019120021', '1', 70, 17, 'B', '2019-12-31 12:03:00'),
(321, '2C2019120021', '1', 55, 40, 'B', '2019-12-31 12:03:00'),
(322, '2C2019120021', '1', 56, 2, 'B', '2019-12-31 12:03:00'),
(323, '2C2019120021', '1', 72, 57, 'B', '2019-12-31 12:03:00'),
(324, '2C2019120021', '1', 73, 40, 'B', '2019-12-31 12:03:00'),
(325, '2C2019120021', '1', 90, 5, 'B', '2019-12-31 12:03:00'),
(326, '2C2019120021', '1', 0, 5, 'B', '2019-12-31 12:03:00'),
(327, '2C2019120021', '1', 74, 2, 'B', '2019-12-31 12:03:00'),
(328, '2C2019120021', '1', 75, 26, 'B', '2019-12-31 12:03:00'),
(329, '2C2019120021', '1', 88, 7, 'B', '2019-12-31 12:03:00'),
(330, '2C2019120021', '1', 76, 38, 'B', '2019-12-31 12:03:00'),
(331, '2C2019120021', '1', 64, 3, 'B', '2019-12-31 12:03:00'),
(332, '2C2019120021', '1', 158, 14, 'B', '2019-12-31 12:03:00'),
(333, '2C2019120021', '1', 159, 38, 'B', '2019-12-31 12:03:00'),
(334, '2C2019120021', '1', 161, 23, 'B', '2019-12-31 12:03:00'),
(335, '2C2019120021', '1', 162, 14, 'B', '2019-12-31 12:03:00'),
(336, '2C2019120021', '1', 163, 9, 'B', '2019-12-31 12:03:00'),
(337, '2C2019120021', '1', 164, 7, 'B', '2019-12-31 12:03:00'),
(338, '2C2019120021', '1', 229, 3, 'B', '2019-12-31 12:03:00'),
(339, '2C2019120021', '1', 167, 12, 'B', '2019-12-31 12:03:00'),
(340, '2C2019120021', '1', 171, 2, 'B', '2019-12-31 12:03:00'),
(341, '2C2019120021', '1', 170, 1, 'B', '2019-12-31 12:03:00'),
(342, '2C2019120021', '1', 169, 16, 'B', '2019-12-31 12:03:00'),
(343, '2C2019120021', '1', 168, 16, 'B', '2019-12-31 12:03:00'),
(344, '2C2019120021', '1', 240, 7, 'B', '2019-12-31 12:03:00'),
(345, '2C2019120021', '1', 195, 7, 'B', '2019-12-31 12:03:00'),
(346, '2C2019120021', '1', 197, 8, 'B', '2019-12-31 12:03:00'),
(347, '2C2019120021', '1', 199, 16, 'B', '2019-12-31 12:03:00'),
(348, '2C2019120021', '1', 201, 1, 'B', '2019-12-31 12:03:00'),
(349, '2C2019120021', '1', 174, 2, 'B', '2019-12-31 12:03:00'),
(350, '2C2019120021', '1', 134, 8, 'B', '2019-12-31 12:03:00'),
(351, '2C2019120021', '1', 133, 8, 'B', '2019-12-31 12:03:00'),
(352, '2C2019120021', '1', 135, 5, 'B', '2019-12-31 12:03:00'),
(353, '2C2019120021', '1', 136, 6, 'B', '2019-12-31 12:03:00'),
(354, '2C2019120021', '1', 137, 11, 'B', '2019-12-31 12:03:00'),
(355, '2C2019120021', '1', 130, 10, 'B', '2019-12-31 12:03:00'),
(356, '2C2019120021', '1', 173, 3, 'B', '2019-12-31 12:03:00'),
(357, '2C2019120021', '1', 175, 1, 'B', '2019-12-31 12:03:00'),
(358, '2C2019120021', '1', 124, 3, 'B', '2019-12-31 12:03:00'),
(359, '2C2019120021', '1', 176, 33, 'B', '2019-12-31 12:03:00'),
(360, '2C2019120021', '1', 177, 1, 'B', '2019-12-31 12:03:00'),
(361, '2C2019120021', '1', 138, 4, 'B', '2019-12-31 12:03:00'),
(362, '2C2019120021', '1', 142, 1, 'B', '2019-12-31 12:03:00'),
(363, '2C2019120021', '1', 241, 19, 'B', '2019-12-31 12:03:00'),
(364, '2C2019120021', '1', 147, 5, 'B', '2019-12-31 12:03:00'),
(365, '2C2019120021', '1', 149, 7, 'B', '2019-12-31 12:03:00'),
(366, '2C2019120021', '1', 143, 12, 'B', '2019-12-31 12:03:00'),
(367, '2C2019120021', '1', 145, 1, 'B', '2019-12-31 12:03:00'),
(368, '2C2019120021', '1', 92, 6, 'B', '2019-12-31 12:03:00'),
(369, '2C2019120021', '1', 95, 20, 'B', '2019-12-31 12:03:00'),
(370, '2C2019120021', '1', 96, 4, 'B', '2019-12-31 12:03:00'),
(371, '2C2019120021', '1', 97, 12, 'B', '2019-12-31 12:03:00'),
(372, '2C2019120021', '1', 98, 22, 'B', '2019-12-31 12:03:00'),
(373, '2C2019120021', '1', 109, 3, 'B', '2019-12-31 12:03:00'),
(374, '2C2019120021', '1', 100, 7, 'B', '2019-12-31 12:03:00'),
(375, '2C2019120021', '1', 104, 9, 'B', '2019-12-31 12:03:00'),
(376, '2C2019120021', '1', 108, 8, 'B', '2019-12-31 12:03:00'),
(377, '2C2019120021', '1', 105, 50, 'B', '2019-12-31 12:03:00'),
(378, '2C2019120021', '1', 106, 21, 'B', '2019-12-31 12:03:00'),
(379, '2C2019120021', '1', 110, 7, 'B', '2019-12-31 12:03:00'),
(380, '2C2019120021', '1', 140, 6, 'B', '2019-12-31 12:03:00'),
(381, '2C2019120021', '1', 242, 40, 'B', '2019-12-31 12:03:00'),
(382, '2C2019120021', '1', 206, 11, 'B', '2019-12-31 12:03:00'),
(383, '2C2019120021', '1', 243, 2, 'B', '2019-12-31 12:03:00'),
(384, '2C2019120021', '1', 244, 1, 'B', '2019-12-31 12:03:00'),
(385, '2C2019120021', '1', 245, 8, 'B', '2019-12-31 12:03:00'),
(386, '2C2019120021', '1', 246, 16, 'B', '2019-12-31 12:03:00'),
(387, '2C2019120021', '1', 247, 21, 'B', '2019-12-31 12:03:00'),
(388, '2C2019120021', '1', 235, 20, 'B', '2019-12-31 12:03:00'),
(389, '2C2019120021', '1', 123, 8, 'B', '2019-12-31 12:03:00'),
(390, '2C2019120021', '1', 179, 3, 'B', '2019-12-31 12:03:00'),
(391, '2C2019120021', '1', 182, 3, 'B', '2019-12-31 12:03:00'),
(392, '2C2019120021', '1', 212, 8, 'B', '2019-12-31 12:03:00'),
(393, '2C2019120021', '1', 214, 16, 'B', '2019-12-31 12:03:00'),
(394, '2C2019120021', '1', 213, 29, 'B', '2019-12-31 12:03:00'),
(395, '2C2019120021', '1', 211, 11, 'B', '2019-12-31 12:03:00'),
(396, '2C2019120021', '1', 210, 27, 'B', '2019-12-31 12:03:00'),
(397, '2C2019120021', '1', 203, 8, 'B', '2019-12-31 12:03:00'),
(398, '2C2019120021', '1', 0, 8, 'B', '2019-12-31 12:03:00'),
(399, '2C2019120021', '1', 208, 4, 'B', '2019-12-31 12:03:00'),
(400, '2C2019120021', '1', 209, 2, 'B', '2019-12-31 12:03:00'),
(401, '2C2019120021', '1', 204, 19, 'B', '2019-12-31 12:03:00'),
(402, '2C2019120021', '1', 205, 8, 'B', '2019-12-31 12:03:00'),
(403, '2C2019120021', '1', 207, 15, 'B', '2019-12-31 12:03:00'),
(404, '2C2019120021', '1', 144, 6, 'B', '2019-12-31 12:03:00'),
(405, '2C2019120021', '1', 63, 24, 'B', '2019-12-31 12:03:00'),
(406, '2B2019120008', NULL, 77, 24, 'A', '2019-12-31 13:02:32'),
(407, '2B2019120008', NULL, 114, 24, 'A', '2019-12-31 13:02:32'),
(408, '2B2019120008', NULL, 0, 0, 'A', '2019-12-31 13:02:32'),
(409, '2B2019120008', NULL, 207, 15, 'A', '2019-12-31 13:02:32'),
(410, '2B2019120008', NULL, 205, 8, 'A', '2019-12-31 13:02:32'),
(411, '2B2019120008', NULL, 204, 19, 'A', '2019-12-31 13:02:32'),
(412, '2B2019120008', NULL, 209, 2, 'A', '2019-12-31 13:02:32'),
(413, '2B2019120008', NULL, 208, 4, 'A', '2019-12-31 13:02:32'),
(414, '2B2019120008', NULL, 203, 8, 'A', '2019-12-31 13:02:32'),
(415, '2B2019120008', NULL, 235, 20, 'A', '2019-12-31 13:02:32'),
(416, '2B2019120008', NULL, 247, 21, 'A', '2019-12-31 13:02:32'),
(417, '2B2019120008', NULL, 246, 16, 'A', '2019-12-31 13:02:32'),
(418, '2B2019120008', NULL, 245, 8, 'A', '2019-12-31 13:02:32'),
(419, '2B2019120008', NULL, 244, 1, 'A', '2019-12-31 13:02:32'),
(420, '2B2019120008', NULL, 243, 2, 'A', '2019-12-31 13:02:32'),
(421, '2B2019120008', NULL, 206, 11, 'A', '2019-12-31 13:02:32'),
(422, '2B2019120008', NULL, 242, 40, 'A', '2019-12-31 13:02:32'),
(423, '2B2019120008', NULL, 241, 19, 'A', '2019-12-31 13:02:32'),
(424, '2B2019120008', NULL, 240, 7, 'A', '2019-12-31 13:02:32'),
(425, '2B2019120008', NULL, 239, 1, 'A', '2019-12-31 13:02:32'),
(426, '2B2019120008', NULL, 238, 8, 'A', '2019-12-31 13:02:32'),
(427, '2B2019120008', NULL, 237, 3, 'A', '2019-12-31 13:02:32'),
(428, '2B2019120008', NULL, 236, 7, 'A', '2019-12-31 13:02:32'),
(429, '2B2019120009', NULL, 191, 10, 'A', '2019-12-31 13:15:19'),
(430, '2B2019120009', NULL, 83, 2, 'A', '2019-12-31 13:15:19'),
(431, '2C2019120022', '1', 68, 6, 'B', '2019-12-31 13:17:10'),
(432, '2C2019120022', '1', 114, 24, 'B', '2019-12-31 13:17:10'),
(433, '2C2019120022', '1', 184, 3, 'B', '2019-12-31 13:17:10'),
(434, '2C2019120022', '1', 69, 10, 'B', '2019-12-31 13:17:10'),
(435, '2C2019120022', '1', 71, 40, 'B', '2019-12-31 13:17:10'),
(436, '2C2019120022', '1', 83, 2, 'B', '2019-12-31 13:17:10'),
(437, '2C2019120022', '1', 77, 24, 'B', '2019-12-31 13:17:10'),
(438, '2B2019120010', NULL, 232, 15, 'A', '2019-12-31 13:41:50'),
(439, '2B2019120010', NULL, 0, 0, 'A', '2019-12-31 13:41:50'),
(440, '2B2019120010', NULL, 72, 57, 'A', '2019-12-31 13:41:50'),
(441, '2B2019120011', NULL, 203, 97, 'A', '2019-12-31 13:53:22'),
(442, '2B2019120011', NULL, 85, 38, 'A', '2019-12-31 13:53:22'),
(443, '2B2019120011', NULL, 79, 32, 'A', '2019-12-31 13:53:22'),
(444, '2B2019120012', NULL, 110, 10, 'A', '2019-12-31 13:58:45'),
(445, '2B2019120012', NULL, 103, 20, 'A', '2019-12-31 13:58:45'),
(446, '2B2019120012', NULL, 109, 10, 'A', '2019-12-31 13:58:45'),
(447, '2B2019120012', NULL, 148, 4, 'A', '2019-12-31 13:58:45'),
(448, '2B2019120012', NULL, 147, 12, 'A', '2019-12-31 13:58:45'),
(449, '2B2019120012', NULL, 101, 40, 'A', '2019-12-31 13:58:45'),
(450, '2B2019120012', NULL, 102, 30, 'A', '2019-12-31 13:58:45'),
(451, '2B2019120012', NULL, 139, 12, 'A', '2019-12-31 13:58:45'),
(452, '2B2019120012', NULL, 138, 12, 'A', '2019-12-31 13:58:45'),
(453, '2B2019120012', NULL, 174, 12, 'A', '2019-12-31 13:58:45'),
(454, '2B2019120012', NULL, 122, 24, 'A', '2019-12-31 13:58:45'),
(455, '2B2019120012', NULL, 76, 50, 'A', '2019-12-31 13:58:45'),
(456, '2B2019120012', NULL, 73, 40, 'A', '2019-12-31 13:58:45'),
(457, '2B2019120012', NULL, 70, 40, 'A', '2019-12-31 13:58:45'),
(458, '2B2019120012', NULL, 67, 18, 'A', '2019-12-31 13:58:45'),
(459, '2C2019120023', '1', 203, 97, 'B', '2019-12-31 14:00:06'),
(460, '2C2019120023', '1', 87, 38, 'B', '2019-12-31 14:00:06'),
(461, '2C2019120023', '1', 79, 32, 'B', '2019-12-31 14:00:06'),
(462, '2C2019120024', '1', 101, 40, 'B', '2019-12-31 14:05:13'),
(463, '2C2019120024', '1', 110, 10, 'B', '2019-12-31 14:05:13'),
(464, '2C2019120024', '1', 103, 20, 'B', '2019-12-31 14:05:13'),
(465, '2C2019120024', '1', 109, 10, 'B', '2019-12-31 14:05:13'),
(466, '2C2019120024', '1', 148, 4, 'B', '2019-12-31 14:05:13'),
(467, '2C2019120024', '1', 147, 12, 'B', '2019-12-31 14:05:13'),
(468, '2C2019120024', '1', 102, 30, 'B', '2019-12-31 14:05:13'),
(469, '2C2019120024', '1', 139, 12, 'B', '2019-12-31 14:05:13'),
(470, '2C2019120024', '1', 138, 12, 'B', '2019-12-31 14:05:13'),
(471, '2C2019120024', '1', 174, 12, 'B', '2019-12-31 14:05:13'),
(472, '2C2019120024', '1', 122, 24, 'B', '2019-12-31 14:05:13'),
(473, '2C2019120024', '1', 76, 50, 'B', '2019-12-31 14:05:13'),
(474, '2C2019120024', '1', 73, 40, 'B', '2019-12-31 14:05:13'),
(475, '2C2019120024', '1', 70, 40, 'B', '2019-12-31 14:05:13'),
(476, '2C2019120024', '1', 67, 18, 'B', '2019-12-31 14:05:13'),
(477, '2B2019120013', NULL, 248, 30, 'A', '2019-12-31 14:20:24'),
(478, '2B2019120013', NULL, 249, 25, 'A', '2019-12-31 14:20:24'),
(479, '2B2019120013', NULL, 243, 10, 'A', '2019-12-31 14:20:24'),
(480, '2B2019120013', NULL, 208, 60, 'A', '2019-12-31 14:20:24'),
(481, '2B2019120013', NULL, 247, 100, 'A', '2019-12-31 14:20:24'),
(482, '2B2019120013', NULL, 209, 60, 'A', '2019-12-31 14:20:24'),
(483, '2B2019120014', NULL, 194, 60, 'A', '2019-12-31 14:21:06'),
(484, '2B2019120014', NULL, 192, 12, 'A', '2019-12-31 14:21:06'),
(485, '2C2019120025', '1', 194, 60, 'B', '2019-12-31 14:21:38'),
(486, '2C2019120025', '1', 192, 12, 'B', '2019-12-31 14:21:38'),
(487, '2C2019120026', '1', 249, 25, 'B', '2019-12-31 14:23:37'),
(488, '2C2019120026', '1', 243, 10, 'B', '2019-12-31 14:23:37'),
(489, '2C2019120026', '1', 248, 30, 'B', '2019-12-31 14:23:37'),
(490, '2C2019120026', '1', 208, 60, 'B', '2019-12-31 14:23:37'),
(491, '2C2019120026', '1', 247, 100, 'B', '2019-12-31 14:23:37'),
(492, '2C2019120026', '1', 209, 60, 'B', '2019-12-31 14:23:37'),
(493, '2C2019120026', '1', 0, 25, 'B', '2019-12-31 14:23:37'),
(494, '2B2019120015', NULL, 87, 38, 'A', '2019-12-31 14:27:46');

-- --------------------------------------------------------

--
-- Table structure for table `master_group`
--

CREATE TABLE `master_group` (
  `kode_group` int(5) NOT NULL,
  `nama_group` varchar(30) DEFAULT NULL,
  `gambar` varchar(255) DEFAULT NULL,
  `keterangan` varchar(255) DEFAULT NULL,
  `datetime` datetime DEFAULT NULL ON UPDATE CURRENT_TIMESTAMP,
  `opsi1` varchar(255) DEFAULT NULL,
  `opsi2` varchar(255) DEFAULT NULL,
  `opsi3` varchar(255) DEFAULT NULL,
  `opsi4` varchar(255) DEFAULT NULL,
  `opsi5` varchar(255) DEFAULT NULL
) ENGINE=MyISAM DEFAULT CHARSET=utf8mb4 ROW_FORMAT=DYNAMIC;

--
-- Dumping data for table `master_group`
--

INSERT INTO `master_group` (`kode_group`, `nama_group`, `gambar`, `keterangan`, `datetime`, `opsi1`, `opsi2`, `opsi3`, `opsi4`, `opsi5`) VALUES
(1, 'SOSIS', 'g_1576421175.png', 'sosis group', '2019-12-15 21:46:15', NULL, NULL, NULL, NULL, NULL),
(2, 'NUGGET', 'g_1576421291.png', 'NUGGET GROUP', '2019-12-15 21:48:11', NULL, NULL, NULL, NULL, NULL),
(11, 'BUMBU DAN TUSUK', 'g_1577611728.jpg', 'BUMBU DAN TUSUK', '2019-12-29 16:28:48', NULL, NULL, NULL, NULL, NULL),
(6, 'ROTI BURGER & DAGING BURGER', 'g_1577609867.jpg', 'ROTI BURGER & DAGING BURGER GROUP', '2019-12-29 15:57:47', NULL, NULL, NULL, NULL, NULL),
(5, 'KENTANG', 'g_1576422007.png', 'KENTANG group', '2019-12-15 22:00:07', NULL, NULL, NULL, NULL, NULL),
(8, 'SAOS DAN MAYONISE', 'g_1577610051.jpg', 'SAOS DAN MAYONISE GROUP', '2019-12-29 16:00:51', NULL, NULL, NULL, NULL, NULL),
(9, 'BASO,SCALLOP DAN OLAHAN IKAN', 'g_1577610136.jpg', 'BASO,SCALLOP DAN OLAHAN IKAN GROUP', '2019-12-29 16:02:16', NULL, NULL, NULL, NULL, NULL),
(10, 'MINUMAN', 'g_1577610358.jpeg', 'MINUMAN GROUP', '2019-12-29 16:05:58', NULL, NULL, NULL, NULL, NULL),
(12, 'MINIPOW  DAN HOME INDUSTRI', 'g_1577623174.jpg', 'MINIPOW DAN HOME INDUSTRI', '2019-12-29 19:39:34', NULL, NULL, NULL, NULL, NULL),
(13, 'ROLADE & KORNET', 'g_1577681054.JPG', 'ROLADE & KORNET GROUP', '2019-12-30 11:44:14', NULL, NULL, NULL, NULL, NULL);

-- --------------------------------------------------------

--
-- Table structure for table `master_kasir`
--

CREATE TABLE `master_kasir` (
  `kode_m_kasir` int(5) NOT NULL,
  `nama` varchar(30) DEFAULT NULL,
  `alamat` varchar(255) DEFAULT NULL,
  `kota` varchar(50) DEFAULT NULL,
  `telp` varchar(13) DEFAULT NULL,
  `PIC` varchar(30) DEFAULT NULL,
  `url` varchar(225) DEFAULT NULL,
  `keterangan` varchar(255) DEFAULT NULL,
  `datetime` datetime DEFAULT NULL ON UPDATE CURRENT_TIMESTAMP,
  `opsi1` varchar(255) DEFAULT NULL,
  `opsi2` varchar(255) DEFAULT NULL,
  `opsi3` varchar(255) DEFAULT NULL,
  `opsi4` varchar(255) DEFAULT NULL,
  `opsi5` varchar(255) DEFAULT NULL
) ENGINE=MyISAM DEFAULT CHARSET=utf8mb4 ROW_FORMAT=DYNAMIC;

--
-- Dumping data for table `master_kasir`
--

INSERT INTO `master_kasir` (`kode_m_kasir`, `nama`, `alamat`, `kota`, `telp`, `PIC`, `url`, `keterangan`, `datetime`, `opsi1`, `opsi2`, `opsi3`, `opsi4`, `opsi5`) VALUES
(1, 'ZONA FROZENMART', 'jl merpati no 20 bandarjo', 'ungaran', '082223674235', 'HERI', 'http://zonasosiscvpuji.com/kasbm', '-', '2019-12-28 09:38:57', NULL, NULL, NULL, NULL, NULL);

-- --------------------------------------------------------

--
-- Table structure for table `master_stok_kasir`
--

CREATE TABLE `master_stok_kasir` (
  `id_s_kasir` int(5) NOT NULL,
  `nostokkasir` varchar(12) NOT NULL,
  `kode_m_kasir` int(5) DEFAULT NULL,
  `id_user` int(2) NOT NULL,
  `retur` int(1) NOT NULL DEFAULT '0',
  `datetime` datetime DEFAULT NULL ON UPDATE CURRENT_TIMESTAMP
) ENGINE=MyISAM DEFAULT CHARSET=utf8mb4 ROW_FORMAT=DYNAMIC;

--
-- Dumping data for table `master_stok_kasir`
--

INSERT INTO `master_stok_kasir` (`id_s_kasir`, `nostokkasir`, `kode_m_kasir`, `id_user`, `retur`, `datetime`) VALUES
(75, '2C2019120026', 1, 2, 0, '2019-12-31 14:23:37'),
(74, '2C2019120025', 1, 2, 0, '2019-12-31 14:21:38'),
(73, '2C2019120024', 1, 2, 0, '2019-12-31 14:05:13'),
(72, '2C2019120023', 1, 2, 0, '2019-12-31 14:00:06'),
(71, '2C2019120022', 1, 2, 0, '2019-12-31 13:17:10'),
(70, '2C2019120021', 1, 2, 0, '2019-12-31 12:03:00');

-- --------------------------------------------------------

--
-- Table structure for table `master_stok_kasir_detail`
--

CREATE TABLE `master_stok_kasir_detail` (
  `id_s_kasir` int(5) NOT NULL,
  `nostokkasir` varchar(12) NOT NULL,
  `kode_barang` int(5) DEFAULT NULL,
  `stok` int(10) DEFAULT NULL,
  `min_stok` int(10) DEFAULT NULL,
  `retur` int(1) NOT NULL DEFAULT '0',
  `datetime` datetime DEFAULT NULL ON UPDATE CURRENT_TIMESTAMP
) ENGINE=MyISAM DEFAULT CHARSET=utf8mb4 ROW_FORMAT=DYNAMIC;

--
-- Dumping data for table `master_stok_kasir_detail`
--

INSERT INTO `master_stok_kasir_detail` (`id_s_kasir`, `nostokkasir`, `kode_barang`, `stok`, `min_stok`, `retur`, `datetime`) VALUES
(107, '2C2019120021', 150, 33, NULL, 0, '2019-12-31 11:20:16'),
(106, '2C2019120021', 178, 23, NULL, 0, '2019-12-31 11:20:04'),
(105, '2C2019120021', 121, 7, NULL, 0, '2019-12-31 11:19:51'),
(104, '2C2019120021', 119, 11, NULL, 0, '2019-12-31 11:19:42'),
(103, '2C2019120021', 118, 9, NULL, 0, '2019-12-31 11:19:33'),
(102, '2C2019120021', 29, 24, NULL, 0, '2019-12-31 11:19:19'),
(101, '2C2019120021', 113, 10, NULL, 0, '2019-12-31 11:19:07'),
(100, '2C2019120021', 0, 0, NULL, 0, '2019-12-31 11:18:48'),
(99, '2C2019120021', 66, 14, NULL, 0, '2019-12-31 11:18:47'),
(98, '2C2019120021', 25, 6, NULL, 0, '2019-12-31 11:18:34'),
(108, '2C2019120021', 151, 9, NULL, 0, '2019-12-31 11:20:28'),
(109, '2C2019120021', 153, 4, NULL, 0, '2019-12-31 11:20:37'),
(110, '2C2019120021', 63, 24, NULL, 0, '2019-12-31 12:01:06'),
(111, '2C2019120021', 14, 3, NULL, 0, '2019-12-31 11:20:50'),
(112, '2C2019120021', 185, 22, NULL, 0, '2019-12-31 11:21:04'),
(113, '2C2019120021', 189, 18, NULL, 0, '2019-12-31 11:21:30'),
(114, '2C2019120021', 190, 2, NULL, 0, '2019-12-31 11:21:43'),
(115, '2C2019120021', 191, 10, NULL, 0, '2019-12-31 11:21:59'),
(116, '2C2019120021', 188, 9, NULL, 0, '2019-12-31 11:22:20'),
(117, '2C2019120021', 225, 22, NULL, 0, '2019-12-31 11:22:32'),
(118, '2C2019120021', 219, 11, NULL, 0, '2019-12-31 11:22:41'),
(119, '2C2019120021', 215, 38, NULL, 0, '2019-12-31 11:23:10'),
(120, '2C2019120021', 236, 7, NULL, 0, '2019-12-31 11:23:20'),
(121, '2C2019120021', 237, 3, NULL, 0, '2019-12-31 11:23:31'),
(122, '2C2019120021', 238, 8, NULL, 0, '2019-12-31 11:23:52'),
(123, '2C2019120021', 227, 15, NULL, 0, '2019-12-31 11:24:11'),
(124, '2C2019120021', 222, 1, NULL, 0, '2019-12-31 11:24:26'),
(125, '2C2019120021', 232, 15, NULL, 0, '2019-12-31 11:24:40'),
(126, '2C2019120021', 217, 17, NULL, 0, '2019-12-31 11:25:16'),
(127, '2C2019120021', 218, 8, NULL, 0, '2019-12-31 11:25:27'),
(128, '2C2019120021', 228, 14, NULL, 0, '2019-12-31 11:25:42'),
(129, '2C2019120021', 239, 1, NULL, 0, '2019-12-31 11:25:54'),
(130, '2C2019120021', 87, 1, NULL, 0, '2019-12-31 11:26:08'),
(131, '2C2019120021', 51, 10, NULL, 0, '2019-12-31 11:26:21'),
(132, '2C2019120021', 70, 17, NULL, 0, '2019-12-31 11:26:31'),
(133, '2C2019120021', 55, 40, NULL, 0, '2019-12-31 11:26:44'),
(134, '2C2019120021', 56, 2, NULL, 0, '2019-12-31 11:26:55'),
(135, '2C2019120021', 72, 57, NULL, 0, '2019-12-31 11:27:08'),
(136, '2C2019120021', 73, 40, NULL, 0, '2019-12-31 11:27:18'),
(137, '2C2019120021', 90, 5, NULL, 0, '2019-12-31 11:27:31'),
(138, '2C2019120021', 0, 5, NULL, 0, '2019-12-31 11:28:07'),
(139, '2C2019120021', 74, 2, NULL, 0, '2019-12-31 11:28:16'),
(140, '2C2019120021', 75, 26, NULL, 0, '2019-12-31 11:28:32'),
(141, '2C2019120021', 88, 7, NULL, 0, '2019-12-31 11:28:46'),
(142, '2C2019120021', 76, 38, NULL, 0, '2019-12-31 11:29:00'),
(143, '2C2019120021', 64, 3, NULL, 0, '2019-12-31 11:29:18'),
(144, '2C2019120021', 158, 14, NULL, 0, '2019-12-31 11:29:30'),
(145, '2C2019120021', 159, 38, NULL, 0, '2019-12-31 11:29:43'),
(146, '2C2019120021', 161, 23, NULL, 0, '2019-12-31 11:29:57'),
(147, '2C2019120021', 162, 14, NULL, 0, '2019-12-31 11:30:15'),
(148, '2C2019120021', 163, 9, NULL, 0, '2019-12-31 11:30:25'),
(149, '2C2019120021', 164, 7, NULL, 0, '2019-12-31 11:30:36'),
(150, '2C2019120021', 229, 3, NULL, 0, '2019-12-31 11:30:55'),
(151, '2C2019120021', 167, 12, NULL, 0, '2019-12-31 11:31:14'),
(152, '2C2019120021', 171, 2, NULL, 0, '2019-12-31 11:31:26'),
(153, '2C2019120021', 170, 1, NULL, 0, '2019-12-31 11:31:38'),
(154, '2C2019120021', 169, 16, NULL, 0, '2019-12-31 11:31:52'),
(155, '2C2019120021', 168, 16, NULL, 0, '2019-12-31 11:32:02'),
(156, '2C2019120021', 240, 7, NULL, 0, '2019-12-31 11:32:11'),
(157, '2C2019120021', 195, 7, NULL, 0, '2019-12-31 11:32:23'),
(158, '2C2019120021', 197, 8, NULL, 0, '2019-12-31 11:32:32'),
(159, '2C2019120021', 199, 16, NULL, 0, '2019-12-31 11:32:44'),
(160, '2C2019120021', 201, 1, NULL, 0, '2019-12-31 11:33:01'),
(161, '2C2019120021', 174, 2, NULL, 0, '2019-12-31 11:33:15'),
(162, '2C2019120021', 134, 8, NULL, 0, '2019-12-31 11:33:34'),
(163, '2C2019120021', 133, 8, NULL, 0, '2019-12-31 11:33:45'),
(164, '2C2019120021', 135, 5, NULL, 0, '2019-12-31 11:33:59'),
(165, '2C2019120021', 136, 6, NULL, 0, '2019-12-31 11:34:07'),
(166, '2C2019120021', 137, 11, NULL, 0, '2019-12-31 11:35:23'),
(167, '2C2019120021', 130, 10, NULL, 0, '2019-12-31 11:35:36'),
(168, '2C2019120021', 173, 3, NULL, 0, '2019-12-31 11:35:48'),
(169, '2C2019120021', 175, 1, NULL, 0, '2019-12-31 11:36:04'),
(170, '2C2019120021', 124, 3, NULL, 0, '2019-12-31 11:36:16'),
(171, '2C2019120021', 176, 33, NULL, 0, '2019-12-31 11:36:28'),
(172, '2C2019120021', 177, 1, NULL, 0, '2019-12-31 11:36:38'),
(173, '2C2019120021', 138, 4, NULL, 0, '2019-12-31 11:36:49'),
(174, '2C2019120021', 142, 1, NULL, 0, '2019-12-31 11:37:01'),
(175, '2C2019120021', 241, 19, NULL, 0, '2019-12-31 11:37:13'),
(176, '2C2019120021', 147, 5, NULL, 0, '2019-12-31 11:37:29'),
(177, '2C2019120021', 149, 7, NULL, 0, '2019-12-31 11:37:41'),
(178, '2C2019120021', 143, 12, NULL, 0, '2019-12-31 11:37:55'),
(179, '2C2019120021', 145, 1, NULL, 0, '2019-12-31 11:40:27'),
(180, '2C2019120021', 92, 6, NULL, 0, '2019-12-31 11:40:46'),
(181, '2C2019120021', 95, 20, NULL, 0, '2019-12-31 11:40:58'),
(182, '2C2019120021', 96, 4, NULL, 0, '2019-12-31 11:41:09'),
(183, '2C2019120021', 97, 12, NULL, 0, '2019-12-31 11:41:20'),
(184, '2C2019120021', 98, 22, NULL, 0, '2019-12-31 11:42:09'),
(185, '2C2019120021', 109, 3, NULL, 0, '2019-12-31 11:42:28'),
(186, '2C2019120021', 100, 7, NULL, 0, '2019-12-31 11:42:52'),
(187, '2C2019120021', 104, 9, NULL, 0, '2019-12-31 11:43:07'),
(188, '2C2019120021', 108, 8, NULL, 0, '2019-12-31 11:43:16'),
(189, '2C2019120021', 105, 50, NULL, 0, '2019-12-31 11:43:25'),
(190, '2C2019120021', 106, 21, NULL, 0, '2019-12-31 11:43:32'),
(191, '2C2019120021', 110, 7, NULL, 0, '2019-12-31 11:43:49'),
(192, '2C2019120021', 140, 6, NULL, 0, '2019-12-31 11:43:59'),
(193, '2C2019120021', 242, 40, NULL, 0, '2019-12-31 11:44:14'),
(194, '2C2019120021', 206, 11, NULL, 0, '2019-12-31 11:44:28'),
(195, '2C2019120021', 243, 2, NULL, 0, '2019-12-31 11:44:39'),
(196, '2C2019120021', 244, 1, NULL, 0, '2019-12-31 11:44:49'),
(197, '2C2019120021', 245, 8, NULL, 0, '2019-12-31 11:45:03'),
(198, '2C2019120021', 246, 16, NULL, 0, '2019-12-31 11:45:11'),
(199, '2C2019120021', 247, 21, NULL, 0, '2019-12-31 11:45:27'),
(200, '2C2019120021', 235, 20, NULL, 0, '2019-12-31 11:45:37'),
(201, '2C2019120021', 123, 8, NULL, 0, '2019-12-31 11:45:49'),
(202, '2C2019120021', 179, 3, NULL, 0, '2019-12-31 11:46:00'),
(203, '2C2019120021', 182, 3, NULL, 0, '2019-12-31 11:46:11'),
(204, '2C2019120021', 212, 8, NULL, 0, '2019-12-31 11:46:26'),
(205, '2C2019120021', 214, 16, NULL, 0, '2019-12-31 11:46:35'),
(206, '2C2019120021', 213, 29, NULL, 0, '2019-12-31 11:46:52'),
(207, '2C2019120021', 211, 11, NULL, 0, '2019-12-31 11:50:17'),
(208, '2C2019120021', 210, 27, NULL, 0, '2019-12-31 11:50:27'),
(209, '2C2019120021', 203, 8, NULL, 0, '2019-12-31 11:50:41'),
(210, '2C2019120021', 0, 8, NULL, 0, '2019-12-31 11:51:58'),
(211, '2C2019120021', 208, 4, NULL, 0, '2019-12-31 11:52:07'),
(212, '2C2019120021', 209, 2, NULL, 0, '2019-12-31 11:52:15'),
(213, '2C2019120021', 204, 19, NULL, 0, '2019-12-31 11:52:26'),
(214, '2C2019120021', 205, 8, NULL, 0, '2019-12-31 11:52:34'),
(215, '2C2019120021', 207, 15, NULL, 0, '2019-12-31 11:52:44'),
(216, '2C2019120021', 144, 6, NULL, 0, '2019-12-31 12:01:26'),
(217, '2C2019120021', 63, 24, NULL, 0, '2019-12-31 12:02:34'),
(218, '2C2019120022', 68, 6, NULL, 0, '2019-12-31 13:17:02'),
(219, '2C2019120022', 114, 24, NULL, 0, '2019-12-31 13:16:54'),
(220, '2C2019120022', 184, 3, NULL, 0, '2019-12-31 13:16:45'),
(221, '2C2019120022', 69, 10, NULL, 0, '2019-12-31 13:16:29'),
(222, '2C2019120022', 71, 40, NULL, 0, '2019-12-31 13:16:19'),
(223, '2C2019120022', 83, 2, NULL, 0, '2019-12-31 13:16:09'),
(224, '2C2019120022', 77, 24, NULL, 0, '2019-12-31 13:16:00'),
(225, '2C2019120023', 203, 97, NULL, 0, '2019-12-31 13:59:49'),
(226, '2C2019120023', 87, 38, NULL, 0, '2019-12-31 13:59:28'),
(227, '2C2019120023', 79, 32, NULL, 0, '2019-12-31 13:59:19'),
(228, '2C2019120024', 101, 40, NULL, 0, '2019-12-31 14:05:02'),
(229, '2C2019120024', 110, 10, NULL, 0, '2019-12-31 14:03:43'),
(230, '2C2019120024', 103, 20, NULL, 0, '2019-12-31 14:03:19'),
(231, '2C2019120024', 109, 10, NULL, 0, '2019-12-31 14:03:10'),
(232, '2C2019120024', 148, 4, NULL, 0, '2019-12-31 14:02:57'),
(233, '2C2019120024', 147, 12, NULL, 0, '2019-12-31 14:02:41'),
(234, '2C2019120024', 102, 30, NULL, 0, '2019-12-31 14:02:24'),
(235, '2C2019120024', 139, 12, NULL, 0, '2019-12-31 14:02:00'),
(236, '2C2019120024', 138, 12, NULL, 0, '2019-12-31 14:01:50'),
(237, '2C2019120024', 174, 12, NULL, 0, '2019-12-31 14:01:24'),
(238, '2C2019120024', 122, 24, NULL, 0, '2019-12-31 14:01:08'),
(239, '2C2019120024', 76, 50, NULL, 0, '2019-12-31 14:00:56'),
(240, '2C2019120024', 73, 40, NULL, 0, '2019-12-31 14:00:42'),
(241, '2C2019120024', 70, 40, NULL, 0, '2019-12-31 14:00:33'),
(242, '2C2019120024', 67, 18, NULL, 0, '2019-12-31 14:00:25'),
(243, '2C2019120025', 194, 60, NULL, 0, '2019-12-31 14:21:33'),
(244, '2C2019120025', 192, 12, NULL, 0, '2019-12-31 14:21:24'),
(245, '2C2019120026', 249, 25, NULL, 0, '2019-12-31 14:23:35'),
(246, '2C2019120026', 243, 10, NULL, 0, '2019-12-31 14:23:13'),
(247, '2C2019120026', 248, 30, NULL, 0, '2019-12-31 14:22:49'),
(248, '2C2019120026', 208, 60, NULL, 0, '2019-12-31 14:22:35'),
(249, '2C2019120026', 247, 100, NULL, 0, '2019-12-31 14:22:22'),
(250, '2C2019120026', 209, 60, NULL, 0, '2019-12-31 14:22:13'),
(251, '2C2019120026', 0, 25, NULL, 0, '2019-12-31 14:22:03');

-- --------------------------------------------------------

--
-- Table structure for table `stock_m_kasir`
--

CREATE TABLE `stock_m_kasir` (
  `id` int(10) NOT NULL,
  `kode_m_kasir` int(10) NOT NULL,
  `kode_barang` int(10) NOT NULL,
  `stok` int(10) NOT NULL,
  `datetime` datetime NOT NULL
) ENGINE=MyISAM DEFAULT CHARSET=utf8mb4;

--
-- Dumping data for table `stock_m_kasir`
--

INSERT INTO `stock_m_kasir` (`id`, `kode_m_kasir`, `kode_barang`, `stok`, `datetime`) VALUES
(111, 1, 0, 33, '2019-12-31 11:18:48'),
(110, 1, 66, 14, '2019-12-31 11:18:47'),
(109, 1, 25, 6, '2019-12-31 11:18:34'),
(112, 1, 113, 10, '2019-12-31 11:19:07'),
(113, 1, 29, 24, '2019-12-31 11:19:19'),
(114, 1, 118, 9, '2019-12-31 11:19:33'),
(115, 1, 119, 11, '2019-12-31 11:19:42'),
(116, 1, 121, 7, '2019-12-31 11:19:51'),
(117, 1, 178, 23, '2019-12-31 11:20:04'),
(118, 1, 150, 33, '2019-12-31 11:20:16'),
(119, 1, 151, 9, '2019-12-31 11:20:28'),
(120, 1, 153, 4, '2019-12-31 11:20:37'),
(121, 1, 63, 24, '2019-12-31 12:01:06'),
(122, 1, 14, 3, '2019-12-31 11:20:50'),
(123, 1, 185, 22, '2019-12-31 11:21:04'),
(124, 1, 189, 18, '2019-12-31 11:21:30'),
(125, 1, 190, 2, '2019-12-31 11:21:43'),
(126, 1, 191, 10, '2019-12-31 11:21:59'),
(127, 1, 188, 9, '2019-12-31 11:22:20'),
(128, 1, 225, 22, '2019-12-31 11:22:32'),
(129, 1, 219, 11, '2019-12-31 11:22:41'),
(130, 1, 215, 38, '2019-12-31 11:23:10'),
(131, 1, 236, 7, '2019-12-31 11:23:20'),
(132, 1, 237, 3, '2019-12-31 11:23:31'),
(133, 1, 238, 8, '2019-12-31 11:23:52'),
(134, 1, 227, 15, '2019-12-31 11:24:11'),
(135, 1, 222, 1, '2019-12-31 11:24:26'),
(136, 1, 232, 15, '2019-12-31 11:24:40'),
(137, 1, 217, 17, '2019-12-31 11:25:16'),
(138, 1, 218, 8, '2019-12-31 11:25:27'),
(139, 1, 228, 14, '2019-12-31 11:25:42'),
(140, 1, 239, 1, '2019-12-31 11:25:54'),
(141, 1, 87, 39, '2019-12-31 11:26:08'),
(142, 1, 51, 10, '2019-12-31 11:26:21'),
(143, 1, 70, 57, '2019-12-31 11:26:31'),
(144, 1, 55, 40, '2019-12-31 11:26:44'),
(145, 1, 56, 2, '2019-12-31 11:26:55'),
(146, 1, 72, 57, '2019-12-31 11:27:08'),
(147, 1, 73, 80, '2019-12-31 11:27:18'),
(148, 1, 90, 5, '2019-12-31 11:27:31'),
(149, 1, 0, 33, '2019-12-31 11:28:07'),
(150, 1, 74, 2, '2019-12-31 11:28:16'),
(151, 1, 75, 26, '2019-12-31 11:28:32'),
(152, 1, 88, 7, '2019-12-31 11:28:46'),
(153, 1, 76, 88, '2019-12-31 11:29:00'),
(154, 1, 64, 3, '2019-12-31 11:29:18'),
(155, 1, 158, 14, '2019-12-31 11:29:30'),
(156, 1, 159, 38, '2019-12-31 11:29:43'),
(157, 1, 161, 23, '2019-12-31 11:29:57'),
(158, 1, 162, 14, '2019-12-31 11:30:15'),
(159, 1, 163, 9, '2019-12-31 11:30:25'),
(160, 1, 164, 7, '2019-12-31 11:30:36'),
(161, 1, 229, 3, '2019-12-31 11:30:55'),
(162, 1, 167, 12, '2019-12-31 11:31:14'),
(163, 1, 171, 2, '2019-12-31 11:31:26'),
(164, 1, 170, 1, '2019-12-31 11:31:38'),
(165, 1, 169, 16, '2019-12-31 11:31:52'),
(166, 1, 168, 16, '2019-12-31 11:32:02'),
(167, 1, 240, 7, '2019-12-31 11:32:11'),
(168, 1, 195, 7, '2019-12-31 11:32:23'),
(169, 1, 197, 8, '2019-12-31 11:32:32'),
(170, 1, 199, 16, '2019-12-31 11:32:44'),
(171, 1, 201, 1, '2019-12-31 11:33:01'),
(172, 1, 174, 14, '2019-12-31 11:33:15'),
(173, 1, 134, 8, '2019-12-31 11:33:34'),
(174, 1, 133, 8, '2019-12-31 11:33:45'),
(175, 1, 135, 5, '2019-12-31 11:33:59'),
(176, 1, 136, 6, '2019-12-31 11:34:07'),
(177, 1, 137, 11, '2019-12-31 11:35:23'),
(178, 1, 130, 10, '2019-12-31 11:35:36'),
(179, 1, 173, 3, '2019-12-31 11:35:48'),
(180, 1, 175, 1, '2019-12-31 11:36:04'),
(181, 1, 124, 3, '2019-12-31 11:36:16'),
(182, 1, 176, 33, '2019-12-31 11:36:28'),
(183, 1, 177, 1, '2019-12-31 11:36:38'),
(184, 1, 138, 16, '2019-12-31 11:36:49'),
(185, 1, 142, 1, '2019-12-31 11:37:01'),
(186, 1, 241, 19, '2019-12-31 11:37:13'),
(187, 1, 147, 17, '2019-12-31 11:37:29'),
(188, 1, 149, 7, '2019-12-31 11:37:41'),
(189, 1, 143, 12, '2019-12-31 11:37:55'),
(190, 1, 145, 1, '2019-12-31 11:40:27'),
(191, 1, 92, 6, '2019-12-31 11:40:46'),
(192, 1, 95, 20, '2019-12-31 11:40:58'),
(193, 1, 96, 4, '2019-12-31 11:41:09'),
(194, 1, 97, 12, '2019-12-31 11:41:20'),
(195, 1, 98, 22, '2019-12-31 11:42:09'),
(196, 1, 109, 13, '2019-12-31 11:42:28'),
(197, 1, 100, 7, '2019-12-31 11:42:52'),
(198, 1, 104, 9, '2019-12-31 11:43:07'),
(199, 1, 108, 8, '2019-12-31 11:43:16'),
(200, 1, 105, 50, '2019-12-31 11:43:25'),
(201, 1, 106, 21, '2019-12-31 11:43:32'),
(202, 1, 110, 17, '2019-12-31 11:43:49'),
(203, 1, 140, 6, '2019-12-31 11:43:59'),
(204, 1, 242, 40, '2019-12-31 11:44:14'),
(205, 1, 206, 11, '2019-12-31 11:44:28'),
(206, 1, 243, 12, '2019-12-31 11:44:39'),
(207, 1, 244, 1, '2019-12-31 11:44:49'),
(208, 1, 245, 8, '2019-12-31 11:45:03'),
(209, 1, 246, 16, '2019-12-31 11:45:11'),
(210, 1, 247, 121, '2019-12-31 11:45:27'),
(211, 1, 235, 20, '2019-12-31 11:45:37'),
(212, 1, 123, 8, '2019-12-31 11:45:49'),
(213, 1, 179, 3, '2019-12-31 11:46:00'),
(214, 1, 182, 3, '2019-12-31 11:46:11'),
(215, 1, 212, 8, '2019-12-31 11:46:26'),
(216, 1, 214, 16, '2019-12-31 11:46:35'),
(217, 1, 213, 29, '2019-12-31 11:46:52'),
(218, 1, 211, 11, '2019-12-31 11:50:17'),
(219, 1, 210, 27, '2019-12-31 11:50:27'),
(220, 1, 203, 105, '2019-12-31 11:50:41'),
(221, 1, 0, 33, '2019-12-31 11:51:58'),
(222, 1, 208, 64, '2019-12-31 11:52:07'),
(223, 1, 209, 62, '2019-12-31 11:52:15'),
(224, 1, 204, 19, '2019-12-31 11:52:26'),
(225, 1, 205, 8, '2019-12-31 11:52:34'),
(226, 1, 207, 15, '2019-12-31 11:52:44'),
(227, 1, 144, 6, '2019-12-31 12:01:26'),
(228, 1, 63, 24, '2019-12-31 12:02:34'),
(229, 1, 68, 6, '2019-12-31 13:17:02'),
(230, 1, 114, 24, '2019-12-31 13:16:54'),
(231, 1, 184, 3, '2019-12-31 13:16:45'),
(232, 1, 69, 10, '2019-12-31 13:16:29'),
(233, 1, 71, 40, '2019-12-31 13:16:19'),
(234, 1, 83, 2, '2019-12-31 13:16:09'),
(235, 1, 77, 24, '2019-12-31 13:16:00'),
(236, 1, 194, 60, '2019-12-31 14:21:33'),
(237, 1, 192, 12, '2019-12-31 14:21:24');

-- --------------------------------------------------------

--
-- Table structure for table `stock_opname`
--

CREATE TABLE `stock_opname` (
  `id_stock_opname` int(5) NOT NULL,
  `nostockopname` varchar(12) NOT NULL,
  `ket` varchar(50) NOT NULL,
  `id_user` int(2) NOT NULL,
  `datetime` datetime DEFAULT NULL ON UPDATE CURRENT_TIMESTAMP
) ENGINE=MyISAM DEFAULT CHARSET=utf8mb4 ROW_FORMAT=DYNAMIC;

--
-- Dumping data for table `stock_opname`
--

INSERT INTO `stock_opname` (`id_stock_opname`, `nostockopname`, `ket`, `id_user`, `datetime`) VALUES
(50, '2B2019120008', '', 2, '2019-12-31 13:02:32'),
(49, '2B2019120007', '', 2, '2019-12-31 10:28:32'),
(51, '2B2019120009', '', 2, '2019-12-31 13:15:19'),
(52, '2B2019120010', '', 2, '2019-12-31 13:41:50'),
(53, '2B2019120011', '', 2, '2019-12-31 13:53:22'),
(54, '2B2019120012', '', 2, '2019-12-31 13:58:45'),
(55, '2B2019120013', '', 2, '2019-12-31 14:20:24'),
(56, '2B2019120014', '', 2, '2019-12-31 14:21:06'),
(57, '2B2019120015', '', 2, '2019-12-31 14:27:46');

-- --------------------------------------------------------

--
-- Table structure for table `stock_opname_detail`
--

CREATE TABLE `stock_opname_detail` (
  `id_stock_opname` int(5) NOT NULL,
  `nostockopname` varchar(12) NOT NULL,
  `kode_barang` int(5) DEFAULT NULL,
  `stok` int(10) DEFAULT NULL,
  `datetime` datetime DEFAULT NULL ON UPDATE CURRENT_TIMESTAMP
) ENGINE=MyISAM DEFAULT CHARSET=utf8mb4 ROW_FORMAT=DYNAMIC;

--
-- Dumping data for table `stock_opname_detail`
--

INSERT INTO `stock_opname_detail` (`id_stock_opname`, `nostockopname`, `kode_barang`, `stok`, `datetime`) VALUES
(19, '2B2019120007', 29, 24, '2019-12-31 09:34:08'),
(18, '2B2019120007', 113, 10, '2019-12-31 09:33:23'),
(17, '2B2019120007', 68, 6, '2019-12-31 09:32:05'),
(16, '2B2019120007', 66, 14, '2019-12-31 09:32:26'),
(20, '2B2019120007', 118, 9, '2019-12-31 09:34:32'),
(21, '2B2019120007', 119, 11, '2019-12-31 09:34:53'),
(22, '2B2019120007', 121, 7, '2019-12-31 09:35:11'),
(23, '2B2019120007', 178, 23, '2019-12-31 09:35:31'),
(24, '2B2019120007', 150, 33, '2019-12-31 09:35:57'),
(25, '2B2019120007', 151, 9, '2019-12-31 09:36:15'),
(26, '2B2019120007', 153, 4, '2019-12-31 09:36:29'),
(27, '2B2019120007', 184, 3, '2019-12-31 09:36:43'),
(28, '2B2019120007', 185, 22, '2019-12-31 09:36:56'),
(29, '2B2019120007', 189, 18, '2019-12-31 09:37:16'),
(30, '2B2019120007', 190, 2, '2019-12-31 09:37:40'),
(31, '2B2019120007', 44, 10, '2019-12-31 09:37:52'),
(32, '2B2019120007', 188, 9, '2019-12-31 09:38:10'),
(33, '2B2019120007', 225, 22, '2019-12-31 09:38:23'),
(34, '2B2019120007', 219, 11, '2019-12-31 09:40:55'),
(35, '2B2019120007', 215, 38, '2019-12-31 09:43:06'),
(36, '2B2019120007', 0, 0, '2019-12-31 09:43:07'),
(37, '2B2019120007', 0, 0, '2019-12-31 09:43:09'),
(38, '2B2019120007', 227, 15, '2019-12-31 09:44:31'),
(39, '2B2019120007', 222, 1, '2019-12-31 09:45:03'),
(40, '2B2019120007', 224, 15, '2019-12-31 09:45:20'),
(41, '2B2019120007', 217, 17, '2019-12-31 09:45:50'),
(42, '2B2019120007', 218, 8, '2019-12-31 09:46:04'),
(43, '2B2019120007', 228, 14, '2019-12-31 09:46:17'),
(44, '2B2019120007', 87, 1, '2019-12-31 09:47:04'),
(45, '2B2019120007', 69, 10, '2019-12-31 09:47:24'),
(46, '2B2019120007', 70, 17, '2019-12-31 09:47:37'),
(47, '2B2019120007', 71, 40, '2019-12-31 09:47:47'),
(48, '2B2019120007', 56, 2, '2019-12-31 09:47:59'),
(49, '2B2019120007', 57, 57, '2019-12-31 09:48:19'),
(50, '2B2019120007', 73, 40, '2019-12-31 09:48:36'),
(51, '2B2019120007', 90, 5, '2019-12-31 09:48:46'),
(52, '2B2019120007', 74, 2, '2019-12-31 09:49:00'),
(53, '2B2019120007', 75, 26, '2019-12-31 09:49:13'),
(54, '2B2019120007', 88, 7, '2019-12-31 09:49:29'),
(55, '2B2019120007', 76, 38, '2019-12-31 09:49:49'),
(56, '2B2019120007', 63, 24, '2019-12-31 09:50:09'),
(57, '2B2019120007', 64, 3, '2019-12-31 09:50:28'),
(58, '2B2019120007', 158, 14, '2019-12-31 09:50:44'),
(59, '2B2019120007', 159, 38, '2019-12-31 09:51:29'),
(60, '2B2019120007', 161, 23, '2019-12-31 09:51:43'),
(61, '2B2019120007', 162, 14, '2019-12-31 09:51:57'),
(62, '2B2019120007', 163, 9, '2019-12-31 09:52:09'),
(63, '2B2019120007', 164, 7, '2019-12-31 09:52:21'),
(64, '2B2019120007', 229, 3, '2019-12-31 09:52:47'),
(65, '2B2019120007', 167, 12, '2019-12-31 09:53:39'),
(66, '2B2019120007', 171, 2, '2019-12-31 09:54:20'),
(67, '2B2019120007', 170, 1, '2019-12-31 09:54:33'),
(68, '2B2019120007', 169, 16, '2019-12-31 09:54:48'),
(69, '2B2019120007', 168, 16, '2019-12-31 09:54:59'),
(70, '2B2019120007', 195, 7, '2019-12-31 09:55:39'),
(71, '2B2019120007', 197, 8, '2019-12-31 09:55:54'),
(72, '2B2019120007', 199, 16, '2019-12-31 09:56:11'),
(73, '2B2019120007', 201, 1, '2019-12-31 09:56:30'),
(74, '2B2019120007', 174, 2, '2019-12-31 09:56:42'),
(75, '2B2019120007', 134, 8, '2019-12-31 09:57:18'),
(76, '2B2019120007', 133, 8, '2019-12-31 09:57:27'),
(77, '2B2019120007', 135, 5, '2019-12-31 09:58:03'),
(78, '2B2019120007', 136, 6, '2019-12-31 09:58:13'),
(79, '2B2019120007', 137, 11, '2019-12-31 09:58:23'),
(80, '2B2019120007', 130, 10, '2019-12-31 09:58:46'),
(81, '2B2019120007', 173, 3, '2019-12-31 09:58:56'),
(82, '2B2019120007', 175, 1, '2019-12-31 09:59:15'),
(83, '2B2019120007', 124, 3, '2019-12-31 10:02:04'),
(84, '2B2019120007', 176, 33, '2019-12-31 10:02:21'),
(85, '2B2019120007', 177, 1, '2019-12-31 10:02:33'),
(86, '2B2019120007', 138, 4, '2019-12-31 10:02:48'),
(87, '2B2019120007', 142, 1, '2019-12-31 10:10:38'),
(88, '2B2019120007', 147, 5, '2019-12-31 10:11:44'),
(89, '2B2019120007', 149, 7, '2019-12-31 10:12:03'),
(90, '2B2019120007', 143, 12, '2019-12-31 10:12:22'),
(91, '2B2019120007', 144, 6, '2019-12-31 10:12:34'),
(92, '2B2019120007', 145, 1, '2019-12-31 10:12:50'),
(93, '2B2019120007', 92, 6, '2019-12-31 10:13:02'),
(94, '2B2019120007', 95, 20, '2019-12-31 10:13:15'),
(95, '2B2019120007', 96, 4, '2019-12-31 10:13:33'),
(96, '2B2019120007', 97, 12, '2019-12-31 10:14:03'),
(97, '2B2019120007', 98, 22, '2019-12-31 10:14:24'),
(98, '2B2019120007', 109, 3, '2019-12-31 10:15:00'),
(99, '2B2019120007', 100, 7, '2019-12-31 10:15:21'),
(100, '2B2019120007', 104, 9, '2019-12-31 10:15:40'),
(101, '2B2019120007', 108, 8, '2019-12-31 10:15:54'),
(102, '2B2019120007', 105, 50, '2019-12-31 10:16:07'),
(103, '2B2019120007', 106, 21, '2019-12-31 10:16:17'),
(104, '2B2019120007', 110, 7, '2019-12-31 10:16:38'),
(105, '2B2019120007', 140, 6, '2019-12-31 10:16:55'),
(106, '2B2019120007', 123, 8, '2019-12-31 10:17:53'),
(107, '2B2019120007', 179, 3, '2019-12-31 10:18:06'),
(108, '2B2019120007', 182, 3, '2019-12-31 10:18:20'),
(109, '2B2019120007', 212, 8, '2019-12-31 10:18:30'),
(110, '2B2019120007', 214, 16, '2019-12-31 10:18:51'),
(111, '2B2019120007', 0, 0, '2019-12-31 10:18:52'),
(112, '2B2019120007', 213, 29, '2019-12-31 10:19:03'),
(113, '2B2019120007', 211, 11, '2019-12-31 10:19:18'),
(114, '2B2019120007', 210, 27, '2019-12-31 10:19:32'),
(115, '2B2019120008', 77, 24, '2019-12-31 13:01:49'),
(116, '2B2019120008', 114, 24, '2019-12-31 12:56:37'),
(117, '2B2019120008', 0, 0, '2019-12-31 11:14:37'),
(118, '2B2019120008', 207, 15, '2019-12-31 11:14:31'),
(119, '2B2019120008', 205, 8, '2019-12-31 11:14:19'),
(120, '2B2019120008', 204, 19, '2019-12-31 11:13:53'),
(121, '2B2019120008', 209, 2, '2019-12-31 11:13:39'),
(122, '2B2019120008', 208, 4, '2019-12-31 11:13:29'),
(123, '2B2019120008', 203, 8, '2019-12-31 11:13:17'),
(124, '2B2019120008', 235, 20, '2019-12-31 11:12:58'),
(125, '2B2019120008', 247, 21, '2019-12-31 11:12:46'),
(126, '2B2019120008', 246, 16, '2019-12-31 11:12:18'),
(127, '2B2019120008', 245, 8, '2019-12-31 11:12:08'),
(128, '2B2019120008', 244, 1, '2019-12-31 11:11:54'),
(129, '2B2019120008', 243, 2, '2019-12-31 11:11:36'),
(130, '2B2019120008', 206, 11, '2019-12-31 11:11:25'),
(131, '2B2019120008', 242, 40, '2019-12-31 11:11:06'),
(132, '2B2019120008', 241, 19, '2019-12-31 11:10:39'),
(133, '2B2019120008', 240, 7, '2019-12-31 11:10:25'),
(134, '2B2019120008', 239, 1, '2019-12-31 11:09:49'),
(135, '2B2019120008', 238, 8, '2019-12-31 11:09:25'),
(136, '2B2019120008', 237, 3, '2019-12-31 11:09:14'),
(137, '2B2019120008', 236, 7, '2019-12-31 11:08:57'),
(138, '2B2019120009', 191, 10, '2019-12-31 13:15:16'),
(139, '2B2019120009', 83, 2, '2019-12-31 13:15:00'),
(140, '2B2019120010', 232, 15, '2019-12-31 13:41:47'),
(141, '2B2019120010', 0, 0, '2019-12-31 13:37:56'),
(142, '2B2019120010', 72, 57, '2019-12-31 13:37:52'),
(143, '2B2019120011', 203, 97, '2019-12-31 13:53:01'),
(144, '2B2019120011', 85, 38, '2019-12-31 13:51:58'),
(145, '2B2019120011', 79, 32, '2019-12-31 13:51:46'),
(146, '2B2019120012', 110, 10, '2019-12-31 13:58:21'),
(147, '2B2019120012', 103, 20, '2019-12-31 13:58:11'),
(148, '2B2019120012', 109, 10, '2019-12-31 13:57:38'),
(149, '2B2019120012', 148, 4, '2019-12-31 13:57:26'),
(150, '2B2019120012', 147, 12, '2019-12-31 13:57:14'),
(151, '2B2019120012', 101, 40, '2019-12-31 13:57:01'),
(152, '2B2019120012', 102, 30, '2019-12-31 13:56:43'),
(153, '2B2019120012', 139, 12, '2019-12-31 13:56:28'),
(154, '2B2019120012', 138, 12, '2019-12-31 13:56:18'),
(155, '2B2019120012', 174, 12, '2019-12-31 13:56:10'),
(156, '2B2019120012', 122, 24, '2019-12-31 13:55:53'),
(157, '2B2019120012', 76, 50, '2019-12-31 13:55:40'),
(158, '2B2019120012', 73, 40, '2019-12-31 13:55:31'),
(159, '2B2019120012', 70, 40, '2019-12-31 13:55:20'),
(160, '2B2019120012', 67, 18, '2019-12-31 13:53:33'),
(161, '2B2019120013', 248, 30, '2019-12-31 14:20:16'),
(162, '2B2019120013', 249, 25, '2019-12-31 14:20:00'),
(163, '2B2019120013', 243, 10, '2019-12-31 14:19:52'),
(164, '2B2019120013', 208, 60, '2019-12-31 14:12:07'),
(165, '2B2019120013', 247, 100, '2019-12-31 14:11:43'),
(166, '2B2019120013', 209, 60, '2019-12-31 14:11:09'),
(167, '2B2019120014', 194, 60, '2019-12-31 14:21:03'),
(168, '2B2019120014', 192, 12, '2019-12-31 14:20:54'),
(169, '2B2019120015', 87, 38, '2019-12-31 14:27:44');

-- --------------------------------------------------------

--
-- Table structure for table `tab_barang`
--

CREATE TABLE `tab_barang` (
  `kode_barang` int(5) NOT NULL,
  `kode_group` int(5) DEFAULT NULL,
  `nama` varchar(30) DEFAULT NULL,
  `ukuran` int(5) DEFAULT NULL,
  `merk` varchar(10) DEFAULT NULL,
  `gambar` varchar(225) DEFAULT NULL,
  `harga` int(20) DEFAULT NULL,
  `harga_kasir` int(15) DEFAULT NULL,
  `stok` int(20) DEFAULT NULL,
  `keterangan` varchar(100) DEFAULT NULL,
  `datetime` datetime DEFAULT NULL ON UPDATE CURRENT_TIMESTAMP,
  `opsi2` varchar(255) DEFAULT NULL,
  `opsi3` varchar(255) DEFAULT NULL,
  `opsi4` varchar(255) DEFAULT NULL,
  `opsi5` varchar(255) DEFAULT NULL
) ENGINE=MyISAM DEFAULT CHARSET=utf8mb4 ROW_FORMAT=DYNAMIC;

--
-- Dumping data for table `tab_barang`
--

INSERT INTO `tab_barang` (`kode_barang`, `kode_group`, `nama`, `ukuran`, `merk`, `gambar`, `harga`, `harga_kasir`, `stok`, `keterangan`, `datetime`, `opsi2`, `opsi3`, `opsi4`, `opsi5`) VALUES
(64, 5, 'MONDELLE KENTANG 2,5KG', 2500, 'MONDELLE', 'b_1577613346.jpg', 49250, 49250, NULL, '-', '2019-12-30 06:18:31', NULL, NULL, NULL, NULL),
(65, 5, 'MONDELLE KENTANG 1KG', 1000, 'MONDELLE', 'b_1577613508.jpg', 19700, 19700, NULL, '-', '2019-12-30 06:17:48', NULL, NULL, NULL, NULL),
(66, 6, 'ROTI BURGER POLOS', 500, 'BERNARDI', 'b_1577613657.jpg', 9950, 9950, NULL, '-', '2019-12-29 17:00:57', NULL, NULL, NULL, NULL),
(67, 6, 'ROTI BURGER WIJEN', 500, 'BERNARDI', 'b_1577613737.jpg', 11000, 11000, NULL, '-', '2019-12-29 17:02:17', NULL, NULL, NULL, NULL),
(68, 6, 'ROTI BURGER KID', 1000, 'BERNARDI', 'b_1577613792.jpg', 20100, 20100, NULL, '-', '2019-12-29 17:03:12', NULL, NULL, NULL, NULL),
(69, 9, 'BASO TUNA', 500, 'ILM', 'b_1577613882.jpg', 8200, 8200, NULL, '-', '2019-12-29 17:04:42', NULL, NULL, NULL, NULL),
(70, 9, 'BINTANG', 500, 'ILM', 'b_1577613939.jpg', 9725, 9725, NULL, '-', '2019-12-29 17:05:39', NULL, NULL, NULL, NULL),
(71, 9, 'PANDA', 500, 'ILM', 'b_1577614000.jpg', 10225, 10225, NULL, '-', '2019-12-29 17:06:40', NULL, NULL, NULL, NULL),
(72, 9, 'SCALLOP', 500, 'ILM', 'b_1577614057.jpg', 10225, 10225, NULL, '-', '2019-12-29 17:07:37', NULL, NULL, NULL, NULL),
(73, 9, 'SUKOY', 500, 'ILM', 'b_1577614097.jpg', 10225, 10225, NULL, '-', '2019-12-29 17:08:17', NULL, NULL, NULL, NULL),
(74, 9, 'TELUR NAGA', 500, 'ILM', 'b_1577614144.jpg', 8200, 8200, NULL, '-', '2019-12-29 17:09:04', NULL, NULL, NULL, NULL),
(75, 9, 'TEMPURA BURGER', 500, 'ILM', 'b_1577614224.jpg', 9975, 9975, NULL, '-', '2019-12-29 17:10:24', NULL, NULL, NULL, NULL),
(76, 9, 'TEMPURA LP', 500, 'ILM', 'b_1577614279.jpg', 9475, 9475, NULL, '-', '2019-12-29 17:11:19', NULL, NULL, NULL, NULL),
(249, 1, 'ZONA SOSIS ORIGINAL ISI 10', 500, 'ZONA', 'b_1577776684.jpg', 19500, 19500, NULL, '-', '2019-12-31 14:18:04', NULL, NULL, NULL, NULL),
(77, 9, 'TEMPURA SOKI', 500, 'ILM', 'b_1577614330.jpg', 11100, 11100, NULL, '-', '2019-12-29 17:12:10', NULL, NULL, NULL, NULL),
(79, 9, 'BASO IKAN ANEKA', 250, 'ILM PREMIU', 'b_1577614419.jpg', 8325, 8325, NULL, '-', '2019-12-29 17:13:39', NULL, NULL, NULL, NULL),
(80, 9, 'BASO TAHU', 200, 'ILM PREMIU', 'b_1577614459.jpg', 7325, 7325, NULL, '-', '2019-12-29 17:14:19', NULL, NULL, NULL, NULL),
(81, 9, 'BINTANG ANEKA KECIL', 250, 'ILM PREMIU', 'b_1577614515.jpeg', 8325, 8325, NULL, '-', '2019-12-29 17:15:15', NULL, NULL, NULL, NULL),
(82, 9, 'BINTANG ANEKA BESAR', 250, 'ILM PREMIU', 'b_1577614615.jpeg', 8325, 8325, NULL, '-', '2019-12-29 17:16:55', NULL, NULL, NULL, NULL),
(83, 9, 'KORNET SURIMI', 200, 'ILM PREMIU', 'b_1577614655.jpeg', 8325, 8325, NULL, '-', '2019-12-30 06:16:27', NULL, NULL, NULL, NULL),
(84, 2, 'NUGGET SURIMI', 250, 'ILM PREMIU', 'b_1577614713.jpg', 7325, 7325, NULL, '-', '2019-12-29 17:20:43', NULL, NULL, NULL, NULL),
(85, 2, 'NUGGET SURIMI STIK', 250, 'ILM PREMIU', 'b_1577614817.jpg', 7325, 7325, NULL, '-', '2019-12-29 17:20:17', NULL, NULL, NULL, NULL),
(86, 9, 'SCALLOP SURIMI 200GR', 200, 'ILM PREMIU', 'b_1577614946.jpg', 7925, 7925, NULL, '-', '2019-12-30 06:15:49', NULL, NULL, NULL, NULL),
(87, 9, 'BASO STIK SURIMI', 250, 'ILM PREMIU', 'b_1577615000.jpg', 11375, 11375, NULL, '-', '2019-12-29 17:23:20', NULL, NULL, NULL, NULL),
(88, 9, 'TEMPURA KOTAK', 250, 'ILM PREMIU', 'b_1577615091.jpg', 8325, 8325, NULL, '-', '2019-12-29 17:24:51', NULL, NULL, NULL, NULL),
(89, 9, 'BASO IKAN ISI AYAM', 200, 'ILM PREMIU', 'b_1577615149.jpg', 11375, 11375, NULL, '-', '2019-12-29 17:25:49', NULL, NULL, NULL, NULL),
(90, 9, 'SCALLOP SURIMI 500', 500, 'ILM PREMIU', 'b_1577619567.jpg', 17950, 17950, NULL, '-', '2019-12-30 06:15:17', NULL, NULL, NULL, NULL),
(91, 5, 'AYOMA KENTANG 2,5 KG', 2500, 'AYOMA', 'b_1577619638.jpg', 54300, 54300, NULL, '-', '2019-12-30 06:14:49', NULL, NULL, NULL, NULL),
(92, 2, 'AKUMO NUGGET 250', 250, 'AKUMO', 'b_1577619796.jpg', 9150, 9150, NULL, '-', '2019-12-30 06:13:43', NULL, NULL, NULL, NULL),
(93, 2, 'AKUMO NUGGET 500', 500, 'AKUMO', 'b_1577619855.jpg', 17275, 17275, NULL, '-', '2019-12-30 06:13:18', NULL, NULL, NULL, NULL),
(97, 2, 'CHAMP NUGGET ABC 250', 250, 'CHAMP', 'b_1577620349.jpg', 13725, 13725, NULL, '-', '2019-12-30 10:42:01', NULL, NULL, NULL, NULL),
(95, 2, 'CHAMP NUGGET 250', 250, 'CHAMP', 'b_1577619973.jpg', 14975, 14975, NULL, '-', '2019-12-30 06:12:48', NULL, NULL, NULL, NULL),
(96, 2, 'CHAMP NUGGET 500', 500, 'CHAMP', 'b_1577620117.jpg', 28725, 28725, NULL, '-', '2019-12-30 06:12:13', NULL, NULL, NULL, NULL),
(98, 2, 'CHAMP NUGGET COIN 250', 250, 'CHAMP', 'b_1577620705.jpg', 13525, 13525, NULL, '-', '2019-12-30 06:11:03', NULL, NULL, NULL, NULL),
(99, 2, 'CHAMO NUGGET COIN 500', 500, 'CHAMP', 'b_1577620756.jpg', 26200, 26200, NULL, '-', '2019-12-30 06:10:24', NULL, NULL, NULL, NULL),
(100, 2, 'CHAMP NUGGET STIK 250', 250, 'CHAMP', 'b_1577620826.jpg', 14750, 14750, NULL, '-', '2019-12-30 06:09:57', NULL, NULL, NULL, NULL),
(101, 1, 'ASIMO SOSIS AYAM 500', 500, 'ASIMO', 'b_1577620996.jpg', 13600, 13600, NULL, '-', '2019-12-30 06:08:01', NULL, NULL, NULL, NULL),
(102, 1, 'ASIMO SOSIS AYAM 1KG', 1000, 'ASIMO', 'b_1577621062.jpg', 25925, 25925, NULL, '-', '2019-12-30 06:07:35', NULL, NULL, NULL, NULL),
(103, 1, 'CHAMP SOSIS AYAM ISI 40', 1000, 'CHAMP', 'b_1577621109.jpg', 33800, 33800, NULL, '-', '2019-12-30 06:07:08', NULL, NULL, NULL, NULL),
(104, 1, 'CHAMP SOSIS AYAM ISI 15', 375, 'CHAMP', 'b_1577621180.jpg', 13325, 13325, NULL, '-', '2019-12-30 06:06:43', NULL, NULL, NULL, NULL),
(105, 1, 'CHAMP SOSIS AYAM ISI 3', 75, 'CHAMP', 'b_1577621314.jpg', 2975, 2975, NULL, '-', '2019-12-30 06:06:18', NULL, NULL, NULL, NULL),
(106, 1, 'CHAMP SOSIS AYAM  ISI 6', 150, 'CHAMP', 'b_1577621369.jpg', 6175, 6175, NULL, '-', '2019-12-30 06:05:57', NULL, NULL, NULL, NULL),
(107, 1, 'CHAMP SOSIS SAPI 375', 375, 'CHAMP', 'b_1577621483.jpg', 25300, 25300, NULL, '-', '2019-12-30 06:05:24', NULL, NULL, NULL, NULL),
(108, 1, 'CHAMP SOSIS SAPI ISI 15 SERBAG', 375, 'CHAMP', 'b_1577621763.jpg', 24975, 24975, NULL, '-', '2019-12-30 06:01:42', NULL, NULL, NULL, NULL),
(109, 2, 'OKEY NUGGET AYAM COIN', 500, 'OKEY', 'b_1577621845.jpg', 15400, 15400, NULL, '-', '2019-12-30 06:00:56', NULL, NULL, NULL, NULL),
(110, 2, 'OKEY NUGGET AYAM STIK', 500, 'OKEY', 'b_1577621889.jpg', 15400, 15400, NULL, '-', '2019-12-30 06:00:25', NULL, NULL, NULL, NULL),
(111, 1, 'OKEY SOSIS AYAM ISI 15', 500, 'OKEY', 'b_1577621954.jpg', 16150, 16150, NULL, '-', '2019-12-30 05:59:30', NULL, NULL, NULL, NULL),
(112, 1, 'OKEY SOSIS AYAM ISI 30', 1000, 'OKEY', 'b_1577622018.jpg', 30800, 30800, NULL, '-', '2019-12-30 05:59:05', NULL, NULL, NULL, NULL),
(113, 9, 'CDA CIKUWA 250', 250, 'CEDEA', 'b_1577622171.jpg', 14700, 14700, NULL, '-', '2019-12-30 05:58:38', NULL, NULL, NULL, NULL),
(114, 9, 'CHIKUWA LONG', 1000, 'CEDEA', 'b_1577622231.jpg', 50950, 50950, NULL, '-', '2019-12-29 19:23:51', NULL, NULL, NULL, NULL),
(115, 9, 'CHIKUWA MINI', 1000, 'CEDEA', 'b_1577622317.jpg', 50950, 50950, NULL, '-', '2019-12-29 19:25:17', NULL, NULL, NULL, NULL),
(117, 9, 'CDA CRAB STIK 250', 250, 'CEDEA', 'b_1577622407.jpg', 13225, 13225, NULL, '-', '2019-12-30 05:57:42', NULL, NULL, NULL, NULL),
(118, 9, 'CDA CRAB STIK 1KG', 1000, 'CEDEA', 'b_1577622479.jpg', 46350, 46350, NULL, '-=', '2019-12-30 05:57:11', NULL, NULL, NULL, NULL),
(119, 9, 'CDA FISHROLL 1KG', 1000, 'CEDEA', 'b_1577622534.jpg', 44175, 44175, NULL, '-', '2019-12-30 05:56:40', NULL, NULL, NULL, NULL),
(120, 9, 'CDA FISH DUMPLING CHEESE', 500, 'CEDEA', 'b_1577622635.jpg', 26450, 26450, NULL, '-', '2019-12-30 05:56:16', NULL, NULL, NULL, NULL),
(121, 9, 'CDA OTAK OTAK SINGAPURE', 500, 'CEDEA', 'b_1577622770.jpg', 49975, 49975, NULL, '-', '2019-12-30 05:55:58', NULL, NULL, NULL, NULL),
(122, 12, 'MURATO MINIPAW COKLAT', 500, 'CEDEA', 'b_1577623372.jpg', 10100, 10100, NULL, '-', '2019-12-29 19:42:52', NULL, NULL, NULL, NULL),
(123, 9, 'CDA STEAMBOAT SET', 300, 'CEDEA', 'b_1577623465.jpg', 21550, 21550, NULL, '-', '2019-12-30 05:55:30', NULL, NULL, NULL, NULL),
(124, 2, 'NUGGET 808 250', 250, '808', 'b_1577623572.jpg', 12325, 12325, NULL, '-', '2019-12-30 05:54:50', NULL, NULL, NULL, NULL),
(125, 2, 'NUGGET AYAM ANGKA', 250, 'WONOKOYO 8', 'b_1577623658.jpg', 13200, 13200, NULL, '-', '2019-12-29 19:47:38', NULL, NULL, NULL, NULL),
(126, 1, 'SOSIS AYAM 808', 300, '808', 'b_1577623767.jpg', 11100, 11100, NULL, '-', '2019-12-30 05:54:24', NULL, NULL, NULL, NULL),
(127, 2, 'NUGGET AYAM 808 500GR', 500, 'WONOKOYO 8', 'b_1577623821.jpg', 23225, 23225, NULL, '-', '2019-12-30 05:52:48', NULL, NULL, NULL, NULL),
(128, 5, 'KENTANG 808 IKG', 1000, '808', 'b_1577623883.jpg', 24150, 24150, NULL, '-', '2019-12-30 05:52:19', NULL, NULL, NULL, NULL),
(129, 9, 'GOLDSTAR BASO SAPI', 300, 'GOLDSTAR', 'b_1577623978.jpg', 18675, 18675, NULL, '-', '2019-12-30 05:51:24', NULL, NULL, NULL, NULL),
(130, 2, 'GOLDSTAR NUGGET AYAM STIKIE CH', 500, 'GOLDSTAR', 'b_1577624066.jpg', 27975, 27975, NULL, '-', '2019-12-30 05:50:52', NULL, NULL, NULL, NULL),
(132, 1, 'GOLDSTAR SOSIS CHEESE 150', 150, 'GOLDSTAR', 'b_1577624537.jpg', 11625, 11625, NULL, '-', '2019-12-30 05:50:05', NULL, NULL, NULL, NULL),
(133, 2, 'GOLDSTAR KATSU 500', 500, 'GOLDSTAR', 'b_1577624668.jpg', 30050, 30050, NULL, '-', '2019-12-30 05:49:30', NULL, NULL, NULL, NULL),
(134, 2, 'GOLDSTAR KARAGE 500', 500, 'GOLDSTAR', 'b_1577624742.jpg', 32175, 32175, NULL, '-', '2019-12-30 05:48:49', NULL, NULL, NULL, NULL),
(135, 2, 'GOLDSTAR NUGGET AYAM 500', 500, 'GOLDSTAR', 'b_1577624829.jpg', 27875, 27875, NULL, '-', '2019-12-30 05:48:22', NULL, NULL, NULL, NULL),
(136, 2, 'GOLDSTAR POK POK 500', 500, 'GOLDSTAR', 'b_1577624892.jpg', 29500, 29500, NULL, '-', '2019-12-30 05:47:55', NULL, NULL, NULL, NULL),
(137, 2, 'GOLDSTAR SPICYWING', 500, 'GOLDSTAR', 'b_1577625003.jpg', 32775, 32775, NULL, '-', '2019-12-30 05:47:19', NULL, NULL, NULL, NULL),
(138, 2, 'OYEE NUGGET AYAM 500', 500, 'OYEE', 'b_1577625204.jpg', 14800, 14800, NULL, '-', '2019-12-30 05:43:27', NULL, NULL, NULL, NULL),
(139, 2, 'OYEE NUGGET AYAM STIK 500', 500, 'OYEE', 'b_1577625271.jpg', 14800, 14800, NULL, '-', '2019-12-30 05:42:52', NULL, NULL, NULL, NULL),
(140, 2, 'SO ECO NUGGET AYAM 500', 500, 'SO ECO', 'b_1577625399.jpg', 14350, 14350, NULL, '-', '2019-12-30 05:42:19', NULL, NULL, NULL, NULL),
(141, 2, 'FIESTA KARAGE 500', 500, 'FIESTA', 'b_1577625520.jpg', 34350, 34350, NULL, '-', '2019-12-30 05:41:53', NULL, NULL, NULL, NULL),
(142, 6, 'CHAMP BURGER 315', 315, 'CHAMP', 'b_1577625604.jpg', 13550, 13550, NULL, '-', '2019-12-30 05:41:28', NULL, NULL, NULL, NULL),
(143, 2, 'FIESTA NUGGET AYAM 250', 250, 'FIESTA', 'b_1577625678.jpg', 19150, 19150, NULL, '-', '2019-12-30 05:40:56', NULL, NULL, NULL, NULL),
(144, 2, 'FIESTA NUGGET AYAM 500', 500, 'FIESTA', 'b_1577625721.jpg', 32125, 32125, NULL, '-', '2019-12-30 05:39:51', NULL, NULL, NULL, NULL),
(145, 2, 'FIESTA NUGGET AYAM STIK 250', 250, 'FIESTA', 'b_1577625764.jpg', 19150, 19150, NULL, '-', '2019-12-30 05:40:27', NULL, NULL, NULL, NULL),
(146, 2, 'FIESTA SPICYWING', 500, 'FIESTA', 'b_1577625835.jpg', 43325, 43325, NULL, '-', '2019-12-30 05:39:21', NULL, NULL, NULL, NULL),
(147, 5, 'FIESTA KENTANG 1KG', 1000, 'FIESTA', 'b_1577625882.jpg', 25700, 25700, NULL, '-', '2019-12-30 05:38:58', NULL, NULL, NULL, NULL),
(148, 5, 'FIESTA KENTANG 2,5KG', 2500, 'FIESTA', 'b_1577625983.jpg', 46650, 46650, NULL, '-', '2019-12-30 05:38:17', NULL, NULL, NULL, NULL),
(149, 5, 'FIESTA KENTANG 500', 500, 'FIESTA', 'b_1577626031.jpg', 13450, 13450, NULL, '-', '2019-12-30 05:37:41', NULL, NULL, NULL, NULL),
(150, 10, 'FROZEN GELAS', 240, 'FIESTA', 'b_1577626108.jpeg', 375, 375, NULL, '-', '2019-12-30 05:37:10', NULL, NULL, NULL, NULL),
(151, 10, 'FROZEN BOTOL', 640, 'FIESTA', 'b_1577627574.jpg', 1450, 1450, NULL, '-', '2019-12-30 05:36:50', NULL, NULL, NULL, NULL),
(152, 10, 'GREEN TEA HONEY', 600, 'FIESTA', 'b_1577627657.jpg', 3750, 3750, NULL, '-', '2019-12-29 20:54:17', NULL, NULL, NULL, NULL),
(153, 10, 'WHITE TEA JASMINE', 600, 'FIESTA', 'b_1577627724.jpg', 3825, 3825, NULL, '-', '2019-12-29 20:55:24', NULL, NULL, NULL, NULL),
(154, 10, 'WHITE TEA LYCHEE', 600, 'FIESTA', 'b_1577627788.jpg', 3750, 3750, NULL, '-', '2019-12-29 20:56:28', NULL, NULL, NULL, NULL),
(155, 10, 'BLACK TEA APEL', 600, 'FIESTA', 'b_1577627847.jpg', 3250, 3250, NULL, '-', '2019-12-29 20:57:27', NULL, NULL, NULL, NULL),
(156, 8, 'MAMASUKA MAYONISE 1KG', 1000, 'MAMASUKA', 'b_1577627959.jpg', 22225, 22225, NULL, '-', '2019-12-30 05:35:59', NULL, NULL, NULL, NULL),
(157, 11, 'MAZONI BUMBU BALADO', 100, 'MAZZONI', 'b_1577628048.jpg', 3500, 3500, NULL, '-', '2019-12-30 05:35:24', NULL, NULL, NULL, NULL),
(158, 11, 'MAZONI BUMBU PEDAS MANIS', 100, 'MAZZONI', 'b_1577628116.jpg', 3500, 3500, NULL, '-', '2019-12-30 05:35:01', NULL, NULL, NULL, NULL),
(159, 11, 'MAZONI BUMBU BARBEQUE', 100, 'MAZZONI', 'b_1577628214.jpeg', 3500, 3500, NULL, '-', '2019-12-30 05:34:25', NULL, NULL, NULL, NULL),
(160, 11, 'MAZONI BUMBU BARBEQUE', 100, 'MAZZONI', 'b_1577628216.jpeg', 3500, 3500, NULL, '-', '2019-12-30 05:34:07', NULL, NULL, NULL, NULL),
(161, 11, 'MAZONI BUMBU JAGUNG MANIS', 100, 'MAZZONI', 'b_1577628525.jpg', 3500, 3500, NULL, '-', '2019-12-30 05:33:47', NULL, NULL, NULL, NULL),
(162, 11, 'MAZONI BUMBU KEJU', 100, 'MAZZONI', 'b_1577628708.jpg', 3450, 3450, NULL, '-', '2019-12-30 05:33:29', NULL, NULL, NULL, NULL),
(163, 11, 'MAZONI BUMBU RUMPUT LAUT HIJAU', 100, 'MAZZONI', 'b_1577628801.jpg', 3500, 3500, NULL, '-', '2019-12-30 05:33:12', NULL, NULL, NULL, NULL),
(164, 11, 'MAZONI BUMBU SAPI PANGGANG', 100, 'MAZZONI', 'b_1577628888.jpg', 3450, 3450, NULL, '-', '2019-12-30 05:32:52', NULL, NULL, NULL, NULL),
(165, 8, 'MAZONI SAUS BARBEQUE 250', 250, 'MAZZONI', 'b_1577628959.jpg', 7850, 7850, NULL, '-', '2019-12-30 05:22:38', NULL, NULL, NULL, NULL),
(166, 8, 'MAZ0NI SAUS MAYONISE 250', 250, 'MAZZONI', 'b_1577629026.jpg', 6375, 6375, NULL, '-', '2019-12-30 05:22:59', NULL, NULL, NULL, NULL),
(167, 8, 'MC LEWIS SAUS CABE LP 1KG', 1000, 'MC LEWIS', 'b_1577629242.jpg', 10525, 10525, NULL, '-', '2019-12-30 05:21:27', NULL, NULL, NULL, NULL),
(168, 8, 'MC LEWIS SAUS TOMAT 1KG', 1000, 'MC LEWIS', 'b_1577629569.jpg', 10375, 10375, NULL, '-', '2019-12-30 05:20:29', NULL, NULL, NULL, NULL),
(169, 8, 'MC LEWIS SAUS TOMAT 500GR', 500, 'MC LEWIS', 'b_1577661637.jpg', 5200, 5200, NULL, '-', '2019-12-30 06:20:37', NULL, NULL, NULL, NULL),
(170, 8, 'MC LEWIS SAUS SWEET MAYO 1KG', 1000, 'MC LEWIS', 'b_1577661709.jpg', 23100, 23100, NULL, '-', '2019-12-30 06:21:49', NULL, NULL, NULL, NULL),
(171, 8, 'MC LEWIS SAUS EXTRA HOT', 1000, '13575', 'b_1577661787.jpg', 13575, 13575, NULL, '-', '2019-12-30 06:23:07', NULL, NULL, NULL, NULL),
(172, 8, 'MC LEWIS SAUS  BLACKPAPER', 1000, 'MC LEWIS', 'b_1577661880.jpg', 35575, 35575, NULL, '-', '2019-12-30 10:41:06', NULL, NULL, NULL, NULL),
(173, 9, 'NGETOP KORNET', 450, 'NGETOP', 'b_1577662033.jpg', 13025, 13025, NULL, '-', '2019-12-30 06:27:13', NULL, NULL, NULL, NULL),
(174, 9, 'NGETOP BASO', 500, 'NGETOP', 'b_1577662100.jpg', 14150, 14150, NULL, '-', '2019-12-30 06:28:20', NULL, NULL, NULL, NULL),
(175, 2, 'NGETOP NUGGET 500', 500, 'NGETOP', 'b_1577662167.jpg', 14475, 14475, NULL, '-', '2019-12-30 06:29:27', NULL, NULL, NULL, NULL),
(176, 9, 'NGETOP SCALLOP 500', 500, 'NGETOP', 'b_1577662232.jpg', 15900, 15900, NULL, '-', '2019-12-30 06:30:32', NULL, NULL, NULL, NULL),
(177, 1, 'NGETOP SOSIS MERAH', 750, 'NGETOP', 'b_1577662299.jpg', 20950, 20950, NULL, '-', '2019-12-30 06:31:39', NULL, NULL, NULL, NULL),
(178, 1, 'CHOP CHOP SOSIS 30', 1000, 'CHOP CHOP', 'b_1577662381.jpg', 19850, 19850, NULL, '-', '2019-12-30 06:33:01', NULL, NULL, NULL, NULL),
(179, 9, 'TL BASO CUMI 500', 500, 'TEMAN LAUT', 'b_1577662454.jpg', 15525, 15525, NULL, '-', '2019-12-30 06:34:14', NULL, NULL, NULL, NULL),
(180, 9, 'TL BASO IKAN 200', 200, 'TEMAN LAUT', 'b_1577662518.jpg', 6575, 6575, NULL, '-', '2019-12-30 06:35:18', NULL, NULL, NULL, NULL),
(181, 9, 'TL BASO IKAN 500', 500, 'TEMAN LAUT', 'b_1577662577.jpg', 15525, 15525, NULL, '-', '2019-12-30 06:36:17', NULL, NULL, NULL, NULL),
(182, 9, 'TL BASO UDANG 500', 500, 'TEMAN LAUT', 'b_1577662655.jpg', 15525, 15525, NULL, '-', '2019-12-30 06:37:35', NULL, NULL, NULL, NULL),
(183, 9, 'TL BASO UDANG 200', 200, 'TEMAN LAUT', 'b_1577662731.jpeg', 6575, 6575, NULL, '-', '2019-12-30 06:38:51', NULL, NULL, NULL, NULL),
(184, 6, 'HEMATO BURGER BESAR', 250, 'HEMATO', 'b_1577663405.jpg', 6675, 6675, NULL, '-', '2019-12-30 06:50:05', NULL, NULL, NULL, NULL),
(185, 6, 'HEMATO BURGER KECIL', 280, 'HEMATO', 'b_1577663486.jpg', 7725, 7725, NULL, '-', '2019-12-30 06:51:26', NULL, NULL, NULL, NULL),
(186, 2, 'HEMATO NUGGET AYAM 500', 500, 'HEMATO', 'b_1577663592.jpg', 14600, 14600, NULL, '-', '2019-12-30 06:53:12', NULL, NULL, NULL, NULL),
(187, 1, 'HEMATO SOSIS AYAM 500', 500, 'HEMATO', 'b_1577663683.jpg', 13725, 13725, NULL, '-', '2019-12-30 06:54:43', NULL, NULL, NULL, NULL),
(188, 1, 'HEMATO SOSIS AYAM IKG', 1000, 'HEMATO', 'b_1577663761.jpg', 27050, 27050, NULL, '-', '2019-12-30 06:56:01', NULL, NULL, NULL, NULL),
(189, 1, 'HEMATO SOSIS SAPI 500', 500, 'HEMATO', 'b_1577663818.jpg', 14100, 14100, NULL, '-', '2019-12-30 06:56:58', NULL, NULL, NULL, NULL),
(190, 1, 'HEMATO SOSIS SAPI 1KG', 1000, 'HEMATO', 'b_1577663890.jpg', 29125, 29125, NULL, '-', '2019-12-30 06:58:10', NULL, NULL, NULL, NULL),
(191, 6, 'HEMATO YONA PATTIES', 500, 'HEMATO', 'b_1577663953.jpeg', 31400, 31400, NULL, '-', '2019-12-30 06:59:13', NULL, NULL, NULL, NULL),
(192, 2, 'BELFOOD NUGGET 500', 500, 'BELFOOD', 'b_1577664050.jpg', 15625, 15625, NULL, '-', '2019-12-30 07:00:50', NULL, NULL, NULL, NULL),
(193, 1, 'BELFOOD SOSIS 500', 500, 'BELFOOD', 'b_1577664106.jpg', 15125, 15125, NULL, '-', '2019-12-30 07:01:46', NULL, NULL, NULL, NULL),
(194, 1, 'BELFOOD SOSIS 1 KG', 1000, 'BELFOOD', 'b_1577664156.jpg', 28700, 28700, NULL, '-', '2019-12-30 07:02:36', NULL, NULL, NULL, NULL),
(195, 9, 'MINAKU BOLA IKAN 500', 500, 'MINAKU', 'b_1577667700.jpg', 18625, 18625, NULL, '-', '2019-12-30 08:01:40', NULL, NULL, NULL, NULL),
(196, 9, 'MINAKU KAKINAGA 500GR', 500, 'MINAKU', 'b_1577667759.jpg', 12025, 12025, NULL, '-', '2019-12-30 08:02:39', NULL, NULL, NULL, NULL),
(197, 9, 'MINAKU OTAK OTAK 500', 500, 'MINAKU', 'b_1577667842.jpg', 15125, 15125, NULL, '-', '2019-12-30 08:04:02', NULL, NULL, NULL, NULL),
(198, 9, 'MINAKU SCALLOP 200GR', 200, 'MINAKU', 'b_1577667896.jpg', 7275, 7275, NULL, '-', '2019-12-30 08:04:56', NULL, NULL, NULL, NULL),
(199, 9, 'MINAKU SCALLOP 500GR', 500, 'MINAKU', 'b_1577667945.jpeg', 17825, 17825, NULL, '-', '2019-12-30 08:05:45', NULL, NULL, NULL, NULL),
(200, 9, 'MINAKU TEMPURA 200GR', 200, 'MINAKU', 'b_1577668004.jpg', 4850, 4850, NULL, '-', '2019-12-30 08:06:44', NULL, NULL, NULL, NULL),
(201, 9, 'MINAKU TEMPURA 500GR', 500, 'MINAKU', 'b_1577668057.jpg', 11575, 11575, NULL, '-', '2019-12-30 08:07:37', NULL, NULL, NULL, NULL),
(202, 1, 'SOSIS AYAM GORENG 30', 1000, 'ZONA', 'b_1577680500.JPG', 26200, 26200, NULL, '-', '2019-12-30 11:35:00', NULL, NULL, NULL, NULL),
(203, 1, 'SOSIS AYAM GORENG 15', 500, 'ZONA', 'b_1577680546.JPG', 12275, 12275, NULL, '-', '2019-12-30 11:35:46', NULL, NULL, NULL, NULL),
(204, 1, 'SOSIS SAPI GORENG 30', 750, 'ZONA', 'b_1577680607.JPG', 16350, 16350, NULL, '-', '2019-12-30 11:36:47', NULL, NULL, NULL, NULL),
(205, 1, 'SOSIS SAPI GORENG 21', 500, 'ZONA', 'b_1577680659.JPG', 9850, 9850, NULL, '-', '2019-12-30 12:38:36', NULL, NULL, NULL, NULL),
(206, 1, 'SOSIS MINI MERAH', 1000, 'ZONA', 'b_1577680708.JPG', 43175, 43175, NULL, '-', '2019-12-30 11:38:28', NULL, NULL, NULL, NULL),
(207, 1, 'SOSIS SUPER ORIGINAL 21CM', 1000, 'ZONA', 'b_1577680802.JPG', 43175, 43175, NULL, '-', '2019-12-30 11:40:02', NULL, NULL, NULL, NULL),
(208, 1, 'SOSIS SAPI ORIGINAL ISI 7', 500, 'ZONA', 'b_1577680860.JPG', 18675, 18675, NULL, '-', '2019-12-30 11:41:00', NULL, NULL, NULL, NULL),
(209, 1, 'SOSIS SAPI ORIGINAL ISI 12', 500, 'ZONA', 'b_1577680942.JPG', 18675, 18675, NULL, '-', '2019-12-30 11:42:22', NULL, NULL, NULL, NULL),
(210, 13, 'ZONA ROLADE SAPI', 300, 'ZONA', 'b_1577681114.JPG', 7225, 7225, NULL, '-', '2019-12-30 11:53:25', NULL, NULL, NULL, NULL),
(211, 13, 'KORNET KOIN', 450, 'ZONA', 'b_1577681154.JPG', 10600, 10600, NULL, '-', '2019-12-30 11:53:06', NULL, NULL, NULL, NULL),
(212, 11, 'TUSUK BESAR', 18, 'KIJANG', 'b_1577681199.JPG', 6325, 6325, NULL, '-', '2019-12-30 11:46:39', NULL, NULL, NULL, NULL),
(213, 11, 'TUSUK SEDANG', 18, 'KIJANG', 'b_1577681255.JPG', 6525, 6525, NULL, '-', '2019-12-30 11:47:35', NULL, NULL, NULL, NULL),
(214, 11, 'TUSUK KECIL', 10, 'KIJANG', 'b_1577681307.JPG', 4550, 4550, NULL, '-', '2019-12-30 11:54:11', NULL, NULL, NULL, NULL),
(215, 12, 'EC CRAM TUSUK', 300, 'SUPER RASA', 'b_1577681442.JPG', 2675, 2675, NULL, '-', '2019-12-30 11:50:42', NULL, NULL, NULL, NULL),
(216, 12, 'EC CREAM BULET', 250, 'SUPERASA', 'b_1577681711.JPG', 2675, 2675, NULL, '-', '2019-12-30 11:55:11', NULL, NULL, NULL, NULL),
(217, 12, 'SOSIS MIE', 250, 'ALI', 'b_1577681761.JPG', 5700, 5700, NULL, '-', '2019-12-30 11:56:01', NULL, NULL, NULL, NULL),
(218, 12, 'HI STIK AJAIB', 250, 'SUPER RASA', 'b_1577681816.JPG', 5700, 5700, NULL, '-', '2019-12-30 11:56:56', NULL, NULL, NULL, NULL),
(219, 12, 'HI LUMPIA', 300, 'DY', 'b_1577681871.JPG', 6250, 6250, NULL, '-', '2019-12-30 11:57:51', NULL, NULL, NULL, NULL),
(220, 12, 'MAWARJUMBO', 250, 'DY', 'b_1577681912.JPG', 6250, 6250, NULL, '-', '2019-12-30 11:58:32', NULL, NULL, NULL, NULL),
(221, 12, 'HI AYAM PANGGANG', 250, 'SAZ', 'b_1577681987.JPG', 5850, 5850, NULL, '-', '2019-12-30 11:59:47', NULL, NULL, NULL, NULL),
(222, 12, 'HI KOCI BALADO', 300, 'SAZ', 'b_1577682036.JPG', 5850, 5850, NULL, '-', '2019-12-30 12:00:36', NULL, NULL, NULL, NULL),
(223, 12, 'HI PAHA NUGGET', 300, 'DY', 'b_1577682153.JPG', 6250, 6250, NULL, '-', '2019-12-30 12:02:33', NULL, NULL, NULL, NULL),
(248, 13, 'ZONA KORNET KOTAK 450', 450, 'ZONA', 'b_1577776519.JPG', 10000, 10000, NULL, '-', '2019-12-31 14:15:19', NULL, NULL, NULL, NULL),
(225, 12, 'CIRENG', 300, 'SUPERRASA', 'b_1577682281.JPG', 5650, 5650, NULL, '-', '2019-12-30 12:04:41', NULL, NULL, NULL, NULL),
(226, 12, 'CIRENG', 300, 'SUPERRASA', 'b_1577682284.JPG', 5650, 5650, NULL, '-', '2019-12-30 12:04:44', NULL, NULL, NULL, NULL),
(227, 12, 'SATE CIRENG', 300, 'SAZ', 'b_1577682347.JPG', 6250, 6250, NULL, '-', '2019-12-30 12:05:47', NULL, NULL, NULL, NULL),
(228, 12, 'HI TAHU BAKSO', 300, 'SUPERRASA', 'b_1577682423.JPG', 5650, 5650, NULL, '-', '2019-12-30 12:07:03', NULL, NULL, NULL, NULL),
(229, 8, 'MC LEWIS SAUS CABE 500', 500, 'MC LEWIS', 'b_1577694850.jpg', 6150, 6150, NULL, '-', '2019-12-30 15:34:10', NULL, NULL, NULL, NULL),
(230, 12, 'HI SEMPOLAN', 300, 'SAZ', 'b_1577696014.JPG', 5700, 5700, NULL, '-', '2019-12-30 15:53:34', NULL, NULL, NULL, NULL),
(231, 12, 'HI TELOLET', 300, 'SAZ', 'b_1577696160.JPG', 5850, 5850, NULL, '-', '2019-12-30 15:56:00', NULL, NULL, NULL, NULL),
(232, 12, 'HI SCALLOP TELUR', 300, 'DY', 'b_1577696323.JPG', 6250, 6250, NULL, '-', '2019-12-30 15:58:43', NULL, NULL, NULL, NULL),
(233, 2, 'CHAMP NUGGET ABC 500', 500, 'CHAMP', 'b_1577696811.JPG', 26200, 26200, NULL, '-', '2019-12-30 16:06:51', NULL, NULL, NULL, NULL),
(234, 5, 'MINAKU KENTANG 500', 500, 'MINAKU', 'b_1577699930.jpg', 12650, 12650, NULL, '-', '2019-12-30 16:58:50', NULL, NULL, NULL, NULL),
(235, 1, 'SOSIS ORI ISI 8 PREMIUM', 500, 'ZONA', 'b_1577700556.JPG', 21500, 21500, NULL, '-', '2019-12-30 17:09:16', NULL, NULL, NULL, NULL),
(236, 12, 'HI KAKINAGA', 300, 'SUPERASA', 'b_1577763644.jpg', 5650, 5650, NULL, '-', '2019-12-31 10:40:44', NULL, NULL, NULL, NULL),
(237, 12, 'HI LOVE', 300, 'SUPERRASA', 'b_1577763682.jpg', 5650, 5650, NULL, '-', '2019-12-31 10:41:22', NULL, NULL, NULL, NULL),
(238, 12, 'HI NUGGET KOTAK', 300, 'SUPERRASA', 'b_1577763729.jpg', 5650, 5650, NULL, '-', '2019-12-31 10:42:09', NULL, NULL, NULL, NULL),
(239, 9, 'ILM BASO CUMI SURIMI', 500, 'ILM PREMIU', 'b_1577763814.jpg', 23500, 23500, NULL, '-', '2019-12-31 10:43:34', NULL, NULL, NULL, NULL),
(240, 12, 'MIDORO', 500, 'SUPRAMA', 'b_1577764003.jpg', 22750, 22750, NULL, '-', '2019-12-31 10:46:43', NULL, NULL, NULL, NULL),
(241, 2, 'FIESTA KARAGE 250', 250, 'FIESTA', 'b_1577764103.jpg', 21250, 21250, NULL, '-', '2019-12-31 10:48:23', NULL, NULL, NULL, NULL),
(242, 1, 'SOSIS SAYAM BAKAR 30', 1000, 'ZONA', 'b_1577764206.jpg', 26200, 26200, NULL, '-', '2019-12-31 10:50:06', NULL, NULL, NULL, NULL),
(243, 1, 'ZONA SOSIS BIG BLACKPAPER', 300, 'ZONA', 'b_1577764287.jpg', 43175, 43175, NULL, '-', '2019-12-31 10:51:27', NULL, NULL, NULL, NULL),
(244, 1, 'ZONA SOSIS BIG ORI', 1000, 'ZO', 'b_1577764336.jpg', 43175, 43175, NULL, '-', '2019-12-31 10:52:16', NULL, NULL, NULL, NULL),
(245, 1, 'ZONA SOSIS JUMBO KEJU', 1000, 'ZONA', 'b_1577764383.jpg', 43175, 43175, NULL, '-', '2019-12-31 10:53:03', NULL, NULL, NULL, NULL),
(246, 1, 'ZONA SOSIS JUMBO ORI', 1000, 'ZONA', 'b_1577764420.jpg', 43175, 43175, NULL, '-', '2019-12-31 10:53:40', NULL, NULL, NULL, NULL),
(247, 1, 'ZONA SOSIS ORIGINAL 15', 1000, 'ZONA', 'b_1577764581.jpg', 43175, 43175, NULL, '-', '2019-12-31 10:56:21', NULL, NULL, NULL, NULL);

-- --------------------------------------------------------

--
-- Table structure for table `tab_kasir`
--

CREATE TABLE `tab_kasir` (
  `kode_kasir` int(5) NOT NULL,
  `nama` varchar(30) DEFAULT NULL,
  `keterangan` varchar(255) DEFAULT NULL,
  `qty_a` int(5) DEFAULT NULL,
  `qty_b` int(5) DEFAULT NULL,
  `datetime` datetime DEFAULT NULL ON UPDATE CURRENT_TIMESTAMP,
  `opsi3` varchar(255) DEFAULT NULL,
  `opsi4` varchar(255) DEFAULT NULL,
  `opsi5` varchar(255) DEFAULT NULL
) ENGINE=MyISAM DEFAULT CHARSET=utf8mb4 ROW_FORMAT=DYNAMIC;

--
-- Dumping data for table `tab_kasir`
--

INSERT INTO `tab_kasir` (`kode_kasir`, `nama`, `keterangan`, `qty_a`, `qty_b`, `datetime`, `opsi3`, `opsi4`, `opsi5`) VALUES
(6, 'GROSIR  TIPE 1', 'TIPE 1', 2, 3, '2019-12-29 16:19:32', NULL, NULL, NULL),
(3, 'ECERAN', 'PEDAGANG ECERAN', 1, 1, '2019-12-29 16:16:34', NULL, NULL, NULL),
(7, 'GROSIR TIPE 2', 'TIPE 2', 4, 4, '2019-12-29 16:20:05', NULL, NULL, NULL),
(8, 'GROSIR TIPE 3', 'TIPE 3', 5, 5, '2019-12-29 16:20:48', NULL, NULL, NULL),
(9, 'GROSIR TIPE 4', 'TIPE 4', 6, 7, '2019-12-29 16:21:23', NULL, NULL, NULL),
(10, 'GROSIR TIPE 5', 'TIPE 5', 8, 9, '2019-12-29 16:22:01', NULL, NULL, NULL),
(11, 'GROSIR TIPE 6', 'TIPE 6', 10, 9999, '2019-12-29 16:23:19', NULL, NULL, NULL);

-- --------------------------------------------------------

--
-- Table structure for table `tab_pricelist`
--

CREATE TABLE `tab_pricelist` (
  `id_pricelist` int(5) NOT NULL,
  `kode_barang` int(5) DEFAULT NULL,
  `kode_kasir` int(5) DEFAULT NULL,
  `harga` int(20) DEFAULT NULL,
  `keterangan` varbinary(225) DEFAULT NULL,
  `datetime` datetime DEFAULT NULL ON UPDATE CURRENT_TIMESTAMP,
  `opsi1` varchar(255) DEFAULT NULL,
  `opsi2` varchar(255) DEFAULT NULL,
  `opsi3` varchar(255) DEFAULT NULL,
  `opsi4` varchar(255) DEFAULT NULL,
  `opsi5` varchar(255) DEFAULT NULL
) ENGINE=MyISAM DEFAULT CHARSET=utf8mb4 ROW_FORMAT=DYNAMIC;

--
-- Dumping data for table `tab_pricelist`
--

INSERT INTO `tab_pricelist` (`id_pricelist`, `kode_barang`, `kode_kasir`, `harga`, `keterangan`, `datetime`, `opsi1`, `opsi2`, `opsi3`, `opsi4`, `opsi5`) VALUES
(31, 64, 6, 57325, NULL, '2019-12-30 08:15:08', NULL, NULL, NULL, NULL, NULL),
(32, 64, 3, 58500, NULL, '2019-12-30 08:15:08', NULL, NULL, NULL, NULL, NULL),
(33, 64, 7, 56150, NULL, '2019-12-30 08:15:08', NULL, NULL, NULL, NULL, NULL),
(34, 64, 8, 55000, NULL, '2019-12-30 08:15:08', NULL, NULL, NULL, NULL, NULL),
(35, 64, 9, 53825, NULL, '2019-12-30 08:15:08', NULL, NULL, NULL, NULL, NULL),
(36, 64, 10, 52650, NULL, '2019-12-30 08:15:08', NULL, NULL, NULL, NULL, NULL),
(37, 64, 11, 51475, NULL, '2019-12-30 08:15:08', NULL, NULL, NULL, NULL, NULL),
(38, 65, 6, 24000, NULL, '2019-12-30 08:15:59', NULL, NULL, NULL, NULL, NULL),
(39, 65, 3, 24500, NULL, '2019-12-30 08:15:59', NULL, NULL, NULL, NULL, NULL),
(40, 65, 7, 23525, NULL, '2019-12-30 08:15:59', NULL, NULL, NULL, NULL, NULL),
(41, 65, 8, 23025, NULL, '2019-12-30 08:15:59', NULL, NULL, NULL, NULL, NULL),
(42, 65, 9, 22550, NULL, '2019-12-30 08:15:59', NULL, NULL, NULL, NULL, NULL),
(43, 65, 10, 22050, NULL, '2019-12-30 08:15:59', NULL, NULL, NULL, NULL, NULL),
(44, 65, 11, 21550, NULL, '2019-12-30 08:15:59', NULL, NULL, NULL, NULL, NULL),
(66, 69, 6, 9300, NULL, '2019-12-30 08:27:57', NULL, NULL, NULL, NULL, NULL),
(67, 69, 3, 9500, NULL, '2019-12-30 08:27:57', NULL, NULL, NULL, NULL, NULL),
(68, 69, 7, 9225, NULL, '2019-12-30 08:27:57', NULL, NULL, NULL, NULL, NULL),
(69, 69, 8, 9125, NULL, '2019-12-30 08:27:57', NULL, NULL, NULL, NULL, NULL),
(70, 69, 9, 9025, NULL, '2019-12-30 08:27:57', NULL, NULL, NULL, NULL, NULL),
(71, 69, 10, 8925, NULL, '2019-12-30 08:27:57', NULL, NULL, NULL, NULL, NULL),
(72, 69, 11, 8550, NULL, '2019-12-30 08:27:57', NULL, NULL, NULL, NULL, NULL),
(73, 70, 6, 10775, NULL, '2019-12-30 08:28:43', NULL, NULL, NULL, NULL, NULL),
(74, 70, 3, 11000, NULL, '2019-12-30 08:28:43', NULL, NULL, NULL, NULL, NULL),
(75, 70, 7, 10675, NULL, '2019-12-30 08:28:43', NULL, NULL, NULL, NULL, NULL),
(76, 70, 8, 10550, NULL, '2019-12-30 08:28:43', NULL, NULL, NULL, NULL, NULL),
(77, 70, 9, 10450, NULL, '2019-12-30 08:28:43', NULL, NULL, NULL, NULL, NULL),
(78, 70, 10, 10350, NULL, '2019-12-30 08:28:43', NULL, NULL, NULL, NULL, NULL),
(79, 70, 11, 10125, NULL, '2019-12-30 08:28:43', NULL, NULL, NULL, NULL, NULL),
(87, 72, 6, 11275, NULL, '2019-12-30 08:30:44', NULL, NULL, NULL, NULL, NULL),
(88, 72, 3, 11500, NULL, '2019-12-30 08:30:44', NULL, NULL, NULL, NULL, NULL),
(89, 72, 7, 11150, NULL, '2019-12-30 08:30:44', NULL, NULL, NULL, NULL, NULL),
(90, 72, 8, 11050, NULL, '2019-12-30 08:30:44', NULL, NULL, NULL, NULL, NULL),
(91, 72, 9, 10925, NULL, '2019-12-30 08:30:44', NULL, NULL, NULL, NULL, NULL),
(92, 72, 10, 10800, NULL, '2019-12-30 08:30:44', NULL, NULL, NULL, NULL, NULL),
(93, 72, 11, 10650, NULL, '2019-12-30 08:30:44', NULL, NULL, NULL, NULL, NULL),
(101, 74, 6, 9300, NULL, '2019-12-30 08:35:19', NULL, NULL, NULL, NULL, NULL),
(102, 74, 3, 9500, NULL, '2019-12-30 08:35:19', NULL, NULL, NULL, NULL, NULL),
(103, 74, 7, 9225, NULL, '2019-12-30 08:35:19', NULL, NULL, NULL, NULL, NULL),
(104, 74, 8, 9125, NULL, '2019-12-30 08:35:19', NULL, NULL, NULL, NULL, NULL),
(105, 74, 9, 9025, NULL, '2019-12-30 08:35:19', NULL, NULL, NULL, NULL, NULL),
(106, 74, 10, 8925, NULL, '2019-12-30 08:35:19', NULL, NULL, NULL, NULL, NULL),
(107, 74, 11, 8550, NULL, '2019-12-30 08:35:19', NULL, NULL, NULL, NULL, NULL),
(108, 75, 6, 11275, NULL, '2019-12-30 08:36:28', NULL, NULL, NULL, NULL, NULL),
(109, 75, 3, 11500, NULL, '2019-12-30 08:36:28', NULL, NULL, NULL, NULL, NULL),
(110, 75, 7, 11150, NULL, '2019-12-30 08:36:28', NULL, NULL, NULL, NULL, NULL),
(111, 75, 8, 11050, NULL, '2019-12-30 08:36:28', NULL, NULL, NULL, NULL, NULL),
(112, 75, 9, 10925, NULL, '2019-12-30 08:36:28', NULL, NULL, NULL, NULL, NULL),
(113, 75, 10, 10800, NULL, '2019-12-30 08:36:28', NULL, NULL, NULL, NULL, NULL),
(114, 75, 11, 10350, NULL, '2019-12-30 08:36:28', NULL, NULL, NULL, NULL, NULL),
(115, 76, 6, 10775, NULL, '2019-12-30 08:37:13', NULL, NULL, NULL, NULL, NULL),
(116, 76, 3, 11000, NULL, '2019-12-30 08:37:13', NULL, NULL, NULL, NULL, NULL),
(117, 76, 7, 10675, NULL, '2019-12-30 08:37:13', NULL, NULL, NULL, NULL, NULL),
(118, 76, 8, 10550, NULL, '2019-12-30 08:37:13', NULL, NULL, NULL, NULL, NULL),
(119, 76, 9, 1450, NULL, '2019-12-30 08:37:13', NULL, NULL, NULL, NULL, NULL),
(120, 76, 10, 10350, NULL, '2019-12-30 08:37:13', NULL, NULL, NULL, NULL, NULL),
(121, 76, 11, 9850, NULL, '2019-12-30 08:37:13', NULL, NULL, NULL, NULL, NULL),
(136, 80, 6, 10775, NULL, '2019-12-30 08:39:42', NULL, NULL, NULL, NULL, NULL),
(137, 80, 3, 11000, NULL, '2019-12-30 08:39:42', NULL, NULL, NULL, NULL, NULL),
(138, 80, 7, 10550, NULL, '2019-12-30 08:39:42', NULL, NULL, NULL, NULL, NULL),
(139, 80, 8, 10350, NULL, '2019-12-30 08:39:42', NULL, NULL, NULL, NULL, NULL),
(140, 80, 9, 10125, NULL, '2019-12-30 08:39:42', NULL, NULL, NULL, NULL, NULL),
(141, 80, 10, 9900, NULL, '2019-12-30 08:39:42', NULL, NULL, NULL, NULL, NULL),
(142, 80, 11, 9675, NULL, '2019-12-30 08:39:42', NULL, NULL, NULL, NULL, NULL),
(1339, 249, 11, 21125, NULL, '2019-12-31 14:18:45', NULL, NULL, NULL, NULL, NULL),
(1338, 249, 10, 21600, NULL, '2019-12-31 14:18:45', NULL, NULL, NULL, NULL, NULL),
(1337, 249, 9, 22075, NULL, '2019-12-31 14:18:45', NULL, NULL, NULL, NULL, NULL),
(1336, 249, 8, 22550, NULL, '2019-12-31 14:18:45', NULL, NULL, NULL, NULL, NULL),
(1335, 249, 7, 23050, NULL, '2019-12-31 14:18:45', NULL, NULL, NULL, NULL, NULL),
(1334, 249, 3, 24000, NULL, '2019-12-31 14:18:45', NULL, NULL, NULL, NULL, NULL),
(1333, 249, 6, 23525, NULL, '2019-12-31 14:18:45', NULL, NULL, NULL, NULL, NULL),
(164, 85, 6, 10775, NULL, '2019-12-30 08:43:43', NULL, NULL, NULL, NULL, NULL),
(165, 85, 3, 11000, NULL, '2019-12-30 08:43:43', NULL, NULL, NULL, NULL, NULL),
(166, 85, 7, 10550, NULL, '2019-12-30 08:43:43', NULL, NULL, NULL, NULL, NULL),
(167, 85, 8, 10350, NULL, '2019-12-30 08:43:43', NULL, NULL, NULL, NULL, NULL),
(168, 85, 9, 10125, NULL, '2019-12-30 08:43:43', NULL, NULL, NULL, NULL, NULL),
(169, 85, 10, 9900, NULL, '2019-12-30 08:43:43', NULL, NULL, NULL, NULL, NULL),
(170, 85, 11, 9675, NULL, '2019-12-30 08:43:43', NULL, NULL, NULL, NULL, NULL),
(171, 84, 6, 10775, NULL, '2019-12-30 08:44:20', NULL, NULL, NULL, NULL, NULL),
(172, 84, 3, 11000, NULL, '2019-12-30 08:44:20', NULL, NULL, NULL, NULL, NULL),
(173, 84, 7, 10550, NULL, '2019-12-30 08:44:20', NULL, NULL, NULL, NULL, NULL),
(174, 84, 8, 10350, NULL, '2019-12-30 08:44:20', NULL, NULL, NULL, NULL, NULL),
(175, 84, 9, 10125, NULL, '2019-12-30 08:44:20', NULL, NULL, NULL, NULL, NULL),
(176, 84, 10, 9900, NULL, '2019-12-30 08:44:20', NULL, NULL, NULL, NULL, NULL),
(177, 84, 11, 9675, NULL, '2019-12-30 08:44:20', NULL, NULL, NULL, NULL, NULL),
(178, 86, 6, 10775, NULL, '2019-12-30 08:45:01', NULL, NULL, NULL, NULL, NULL),
(179, 86, 3, 11000, NULL, '2019-12-30 08:45:01', NULL, NULL, NULL, NULL, NULL),
(180, 86, 7, 10550, NULL, '2019-12-30 08:45:01', NULL, NULL, NULL, NULL, NULL),
(181, 86, 8, 10350, NULL, '2019-12-30 08:45:01', NULL, NULL, NULL, NULL, NULL),
(182, 86, 9, 10125, NULL, '2019-12-30 08:45:01', NULL, NULL, NULL, NULL, NULL),
(183, 86, 10, 9900, NULL, '2019-12-30 08:45:01', NULL, NULL, NULL, NULL, NULL),
(184, 86, 11, 9675, NULL, '2019-12-30 08:45:01', NULL, NULL, NULL, NULL, NULL),
(185, 87, 6, 10775, NULL, '2019-12-30 08:46:22', NULL, NULL, NULL, NULL, NULL),
(186, 87, 3, 11000, NULL, '2019-12-30 08:46:22', NULL, NULL, NULL, NULL, NULL),
(187, 87, 7, 10550, NULL, '2019-12-30 08:46:22', NULL, NULL, NULL, NULL, NULL),
(188, 87, 8, 10350, NULL, '2019-12-30 08:46:22', NULL, NULL, NULL, NULL, NULL),
(189, 87, 9, 10125, NULL, '2019-12-30 08:46:22', NULL, NULL, NULL, NULL, NULL),
(190, 87, 10, 9900, NULL, '2019-12-30 08:46:22', NULL, NULL, NULL, NULL, NULL),
(191, 87, 11, 9675, NULL, '2019-12-30 08:46:22', NULL, NULL, NULL, NULL, NULL),
(192, 88, 6, 10775, NULL, '2019-12-30 08:47:07', NULL, NULL, NULL, NULL, NULL),
(193, 88, 3, 11000, NULL, '2019-12-30 08:47:07', NULL, NULL, NULL, NULL, NULL),
(194, 88, 7, 10550, NULL, '2019-12-30 08:47:07', NULL, NULL, NULL, NULL, NULL),
(195, 88, 8, 10350, NULL, '2019-12-30 08:47:07', NULL, NULL, NULL, NULL, NULL),
(196, 88, 9, 10125, NULL, '2019-12-30 08:47:07', NULL, NULL, NULL, NULL, NULL),
(197, 88, 10, 9900, NULL, '2019-12-30 08:47:07', NULL, NULL, NULL, NULL, NULL),
(198, 88, 11, 9675, NULL, '2019-12-30 08:47:07', NULL, NULL, NULL, NULL, NULL),
(199, 89, 6, 14200, NULL, '2019-12-30 08:47:56', NULL, NULL, NULL, NULL, NULL),
(200, 89, 3, 14500, NULL, '2019-12-30 08:47:56', NULL, NULL, NULL, NULL, NULL),
(201, 89, 7, 13925, NULL, '2019-12-30 08:47:56', NULL, NULL, NULL, NULL, NULL),
(202, 89, 8, 13625, NULL, '2019-12-30 08:47:56', NULL, NULL, NULL, NULL, NULL),
(203, 89, 9, 13350, NULL, '2019-12-30 08:47:56', NULL, NULL, NULL, NULL, NULL),
(204, 89, 10, 13050, NULL, '2019-12-30 08:47:56', NULL, NULL, NULL, NULL, NULL),
(205, 89, 11, 12750, NULL, '2019-12-30 08:47:56', NULL, NULL, NULL, NULL, NULL),
(206, 90, 6, 21075, NULL, '2019-12-30 08:48:37', NULL, NULL, NULL, NULL, NULL),
(207, 90, 3, 21500, NULL, '2019-12-30 08:48:37', NULL, NULL, NULL, NULL, NULL),
(208, 90, 7, 20650, NULL, '2019-12-30 08:48:37', NULL, NULL, NULL, NULL, NULL),
(209, 90, 8, 20200, NULL, '2019-12-30 08:48:37', NULL, NULL, NULL, NULL, NULL),
(210, 90, 9, 19775, NULL, '2019-12-30 08:48:37', NULL, NULL, NULL, NULL, NULL),
(211, 90, 10, 19350, NULL, '2019-12-30 08:48:37', NULL, NULL, NULL, NULL, NULL),
(212, 90, 11, 18925, NULL, '2019-12-30 08:48:37', NULL, NULL, NULL, NULL, NULL),
(213, 91, 6, 63700, NULL, '2019-12-30 08:49:51', NULL, NULL, NULL, NULL, NULL),
(214, 91, 3, 65000, NULL, '2019-12-30 08:49:51', NULL, NULL, NULL, NULL, NULL),
(215, 91, 7, 62400, NULL, '2019-12-30 08:49:51', NULL, NULL, NULL, NULL, NULL),
(216, 91, 8, 61100, NULL, '2019-12-30 08:49:51', NULL, NULL, NULL, NULL, NULL),
(217, 91, 9, 59800, NULL, '2019-12-30 08:49:51', NULL, NULL, NULL, NULL, NULL),
(218, 91, 10, 58500, NULL, '2019-12-30 08:49:51', NULL, NULL, NULL, NULL, NULL),
(219, 91, 11, 57200, NULL, '2019-12-30 08:49:51', NULL, NULL, NULL, NULL, NULL),
(220, 138, 6, 15850, NULL, '2019-12-30 08:50:37', NULL, NULL, NULL, NULL, NULL),
(221, 138, 3, 16000, NULL, '2019-12-30 08:50:37', NULL, NULL, NULL, NULL, NULL),
(222, 138, 7, 15675, NULL, '2019-12-30 08:50:37', NULL, NULL, NULL, NULL, NULL),
(223, 138, 8, 15675, NULL, '2019-12-30 08:50:37', NULL, NULL, NULL, NULL, NULL),
(224, 138, 9, 15525, NULL, '2019-12-30 08:50:37', NULL, NULL, NULL, NULL, NULL),
(225, 138, 10, 15525, NULL, '2019-12-30 08:50:37', NULL, NULL, NULL, NULL, NULL),
(226, 138, 11, 15350, NULL, '2019-12-30 08:50:37', NULL, NULL, NULL, NULL, NULL),
(227, 139, 6, 15850, NULL, '2019-12-30 08:51:27', NULL, NULL, NULL, NULL, NULL),
(228, 139, 3, 16000, NULL, '2019-12-30 08:51:27', NULL, NULL, NULL, NULL, NULL),
(229, 139, 7, 15675, NULL, '2019-12-30 08:51:27', NULL, NULL, NULL, NULL, NULL),
(230, 139, 8, 15675, NULL, '2019-12-30 08:51:27', NULL, NULL, NULL, NULL, NULL),
(231, 139, 9, 15525, NULL, '2019-12-30 08:51:27', NULL, NULL, NULL, NULL, NULL),
(232, 139, 10, 1525, NULL, '2019-12-30 08:51:27', NULL, NULL, NULL, NULL, NULL),
(233, 139, 11, 15350, NULL, '2019-12-30 08:51:27', NULL, NULL, NULL, NULL, NULL),
(234, 140, 6, 15850, NULL, '2019-12-30 08:52:21', NULL, NULL, NULL, NULL, NULL),
(235, 140, 3, 16000, NULL, '2019-12-30 08:52:21', NULL, NULL, NULL, NULL, NULL),
(236, 140, 7, 15675, NULL, '2019-12-30 08:52:21', NULL, NULL, NULL, NULL, NULL),
(237, 140, 8, 15675, NULL, '2019-12-30 08:52:21', NULL, NULL, NULL, NULL, NULL),
(238, 140, 9, 15525, NULL, '2019-12-30 08:52:21', NULL, NULL, NULL, NULL, NULL),
(239, 140, 10, 11525, NULL, '2019-12-30 08:52:21', NULL, NULL, NULL, NULL, NULL),
(240, 140, 11, 15350, NULL, '2019-12-30 08:52:21', NULL, NULL, NULL, NULL, NULL),
(241, 141, 6, 40175, NULL, '2019-12-30 08:53:06', NULL, NULL, NULL, NULL, NULL),
(242, 141, 3, 41000, NULL, '2019-12-30 08:53:06', NULL, NULL, NULL, NULL, NULL),
(243, 141, 7, 39350, NULL, '2019-12-30 08:53:06', NULL, NULL, NULL, NULL, NULL),
(244, 141, 8, 38550, NULL, '2019-12-30 08:53:06', NULL, NULL, NULL, NULL, NULL),
(245, 141, 9, 37725, NULL, '2019-12-30 08:53:06', NULL, NULL, NULL, NULL, NULL),
(246, 141, 10, 36900, NULL, '2019-12-30 08:53:06', NULL, NULL, NULL, NULL, NULL),
(247, 141, 11, 36075, NULL, '2019-12-30 08:53:06', NULL, NULL, NULL, NULL, NULL),
(248, 142, 6, 15675, NULL, '2019-12-30 08:54:03', NULL, NULL, NULL, NULL, NULL),
(249, 142, 3, 16000, NULL, '2019-12-30 08:54:03', NULL, NULL, NULL, NULL, NULL),
(250, 142, 7, 15350, NULL, '2019-12-30 08:54:03', NULL, NULL, NULL, NULL, NULL),
(251, 142, 8, 15050, NULL, '2019-12-30 08:54:03', NULL, NULL, NULL, NULL, NULL),
(252, 142, 9, 14725, NULL, '2019-12-30 08:54:03', NULL, NULL, NULL, NULL, NULL),
(253, 142, 10, 14400, NULL, '2019-12-30 08:54:03', NULL, NULL, NULL, NULL, NULL),
(254, 142, 11, 14075, NULL, '2019-12-30 08:54:03', NULL, NULL, NULL, NULL, NULL),
(255, 143, 6, 22550, NULL, '2019-12-30 08:54:53', NULL, NULL, NULL, NULL, NULL),
(256, 143, 3, 23000, NULL, '2019-12-30 08:54:53', NULL, NULL, NULL, NULL, NULL),
(257, 143, 7, 22075, NULL, '2019-12-30 08:54:53', NULL, NULL, NULL, NULL, NULL),
(258, 143, 8, 21625, NULL, '2019-12-30 08:54:53', NULL, NULL, NULL, NULL, NULL),
(259, 143, 9, 21150, NULL, '2019-12-30 08:54:53', NULL, NULL, NULL, NULL, NULL),
(260, 143, 10, 20700, NULL, '2019-12-30 08:54:53', NULL, NULL, NULL, NULL, NULL),
(261, 143, 11, 20250, NULL, '2019-12-30 08:54:53', NULL, NULL, NULL, NULL, NULL),
(262, 144, 6, 37250, NULL, '2019-12-30 08:55:47', NULL, NULL, NULL, NULL, NULL),
(263, 144, 3, 38000, NULL, '2019-12-30 08:55:47', NULL, NULL, NULL, NULL, NULL),
(264, 144, 7, 36475, NULL, '2019-12-30 08:55:47', NULL, NULL, NULL, NULL, NULL),
(265, 144, 8, 35725, NULL, '2019-12-30 08:55:47', NULL, NULL, NULL, NULL, NULL),
(266, 144, 9, 34950, NULL, '2019-12-30 08:55:47', NULL, NULL, NULL, NULL, NULL),
(267, 144, 10, 34200, NULL, '2019-12-30 08:55:47', NULL, NULL, NULL, NULL, NULL),
(268, 144, 11, 33450, NULL, '2019-12-30 08:55:47', NULL, NULL, NULL, NULL, NULL),
(269, 145, 6, 22550, NULL, '2019-12-30 08:56:29', NULL, NULL, NULL, NULL, NULL),
(270, 145, 3, 23000, NULL, '2019-12-30 08:56:29', NULL, NULL, NULL, NULL, NULL),
(271, 145, 7, 22075, NULL, '2019-12-30 08:56:29', NULL, NULL, NULL, NULL, NULL),
(272, 145, 8, 21625, NULL, '2019-12-30 08:56:29', NULL, NULL, NULL, NULL, NULL),
(273, 145, 9, 21150, NULL, '2019-12-30 08:56:29', NULL, NULL, NULL, NULL, NULL),
(274, 145, 10, 20700, NULL, '2019-12-30 08:56:29', NULL, NULL, NULL, NULL, NULL),
(275, 145, 11, 20250, NULL, '2019-12-30 08:56:29', NULL, NULL, NULL, NULL, NULL),
(276, 146, 6, 50950, NULL, '2019-12-30 08:57:38', NULL, NULL, NULL, NULL, NULL),
(277, 146, 3, 52000, NULL, '2019-12-30 08:57:38', NULL, NULL, NULL, NULL, NULL),
(278, 146, 7, 49925, NULL, '2019-12-30 08:57:38', NULL, NULL, NULL, NULL, NULL),
(279, 146, 8, 48875, NULL, '2019-12-30 08:57:38', NULL, NULL, NULL, NULL, NULL),
(280, 146, 9, 47850, NULL, '2019-12-30 08:57:38', NULL, NULL, NULL, NULL, NULL),
(281, 146, 10, 46800, NULL, '2019-12-30 08:57:38', NULL, NULL, NULL, NULL, NULL),
(282, 146, 11, 45750, NULL, '2019-12-30 08:57:38', NULL, NULL, NULL, NULL, NULL),
(283, 147, 6, 28700, NULL, '2019-12-30 08:58:35', NULL, NULL, NULL, NULL, NULL),
(284, 147, 3, 29000, NULL, '2019-12-30 08:58:35', NULL, NULL, NULL, NULL, NULL),
(285, 147, 7, 28425, NULL, '2019-12-30 08:58:35', NULL, NULL, NULL, NULL, NULL),
(286, 147, 8, 28125, NULL, '2019-12-30 08:58:35', NULL, NULL, NULL, NULL, NULL),
(287, 147, 9, 27850, NULL, '2019-12-30 08:58:35', NULL, NULL, NULL, NULL, NULL),
(288, 147, 10, 27550, NULL, '2019-12-30 08:58:35', NULL, NULL, NULL, NULL, NULL),
(289, 147, 11, 27250, NULL, '2019-12-30 08:58:35', NULL, NULL, NULL, NULL, NULL),
(290, 148, 6, 51975, NULL, '2019-12-30 08:59:23', NULL, NULL, NULL, NULL, NULL),
(291, 148, 3, 52500, NULL, '2019-12-30 08:59:23', NULL, NULL, NULL, NULL, NULL),
(292, 148, 7, 51450, NULL, '2019-12-30 08:59:23', NULL, NULL, NULL, NULL, NULL),
(293, 148, 8, 50925, NULL, '2019-12-30 08:59:23', NULL, NULL, NULL, NULL, NULL),
(294, 148, 9, 50400, NULL, '2019-12-30 08:59:23', NULL, NULL, NULL, NULL, NULL),
(295, 148, 10, 49875, NULL, '2019-12-30 08:59:23', NULL, NULL, NULL, NULL, NULL),
(296, 148, 11, 49350, NULL, '2019-12-30 08:59:23', NULL, NULL, NULL, NULL, NULL),
(297, 149, 6, 14850, NULL, '2019-12-30 09:00:05', NULL, NULL, NULL, NULL, NULL),
(298, 149, 3, 15000, NULL, '2019-12-30 09:00:05', NULL, NULL, NULL, NULL, NULL),
(299, 149, 7, 14700, NULL, '2019-12-30 09:00:05', NULL, NULL, NULL, NULL, NULL),
(300, 149, 8, 14550, NULL, '2019-12-30 09:00:05', NULL, NULL, NULL, NULL, NULL),
(301, 149, 9, 14400, NULL, '2019-12-30 09:00:05', NULL, NULL, NULL, NULL, NULL),
(302, 149, 10, 14250, NULL, '2019-12-30 09:00:05', NULL, NULL, NULL, NULL, NULL),
(303, 149, 11, 14100, NULL, '2019-12-30 09:00:05', NULL, NULL, NULL, NULL, NULL),
(311, 92, 6, 9900, NULL, '2019-12-30 09:04:10', NULL, NULL, NULL, NULL, NULL),
(312, 92, 3, 10000, NULL, '2019-12-30 09:04:10', NULL, NULL, NULL, NULL, NULL),
(313, 92, 7, 9800, NULL, '2019-12-30 09:04:10', NULL, NULL, NULL, NULL, NULL),
(314, 92, 8, 9800, NULL, '2019-12-30 09:04:10', NULL, NULL, NULL, NULL, NULL),
(315, 92, 9, 9700, NULL, '2019-12-30 09:04:10', NULL, NULL, NULL, NULL, NULL),
(316, 92, 10, 9400, NULL, '2019-12-30 09:04:10', NULL, NULL, NULL, NULL, NULL),
(317, 92, 11, 9300, NULL, '2019-12-30 09:04:10', NULL, NULL, NULL, NULL, NULL),
(318, 93, 6, 18800, NULL, '2019-12-30 09:04:52', NULL, NULL, NULL, NULL, NULL),
(319, 93, 3, 19000, NULL, '2019-12-30 09:04:52', NULL, NULL, NULL, NULL, NULL),
(320, 93, 7, 18625, NULL, '2019-12-30 09:04:52', NULL, NULL, NULL, NULL, NULL),
(321, 93, 8, 18625, NULL, '2019-12-30 09:04:52', NULL, NULL, NULL, NULL, NULL),
(322, 93, 9, 18425, NULL, '2019-12-30 09:04:52', NULL, NULL, NULL, NULL, NULL),
(323, 93, 10, 18250, NULL, '2019-12-30 09:04:52', NULL, NULL, NULL, NULL, NULL),
(324, 93, 11, 17850, NULL, '2019-12-30 09:04:52', NULL, NULL, NULL, NULL, NULL),
(325, 95, 6, 15850, NULL, '2019-12-30 09:05:37', NULL, NULL, NULL, NULL, NULL),
(326, 95, 3, 16000, NULL, '2019-12-30 09:05:37', NULL, NULL, NULL, NULL, NULL),
(327, 95, 7, 15675, NULL, '2019-12-30 09:05:37', NULL, NULL, NULL, NULL, NULL),
(328, 95, 8, 15675, NULL, '2019-12-30 09:05:37', NULL, NULL, NULL, NULL, NULL),
(329, 95, 9, 15525, NULL, '2019-12-30 09:05:37', NULL, NULL, NULL, NULL, NULL),
(330, 95, 10, 15350, NULL, '2019-12-30 09:05:37', NULL, NULL, NULL, NULL, NULL),
(331, 95, 11, 15050, NULL, '2019-12-30 09:05:37', NULL, NULL, NULL, NULL, NULL),
(332, 97, 6, 14850, NULL, '2019-12-30 09:06:43', NULL, NULL, NULL, NULL, NULL),
(333, 97, 3, 15000, NULL, '2019-12-30 09:06:43', NULL, NULL, NULL, NULL, NULL),
(334, 97, 7, 14700, NULL, '2019-12-30 09:06:43', NULL, NULL, NULL, NULL, NULL),
(335, 97, 8, 14700, NULL, '2019-12-30 09:06:43', NULL, NULL, NULL, NULL, NULL),
(336, 97, 9, 14550, NULL, '2019-12-30 09:06:43', NULL, NULL, NULL, NULL, NULL),
(337, 97, 10, 14100, NULL, '2019-12-30 09:06:43', NULL, NULL, NULL, NULL, NULL),
(338, 97, 11, 13950, NULL, '2019-12-30 09:06:43', NULL, NULL, NULL, NULL, NULL),
(339, 98, 6, 14850, NULL, '2019-12-30 09:08:34', NULL, NULL, NULL, NULL, NULL),
(340, 98, 3, 15000, NULL, '2019-12-30 09:08:34', NULL, NULL, NULL, NULL, NULL),
(341, 98, 7, 14700, NULL, '2019-12-30 09:08:34', NULL, NULL, NULL, NULL, NULL),
(342, 98, 8, 14700, NULL, '2019-12-30 09:08:34', NULL, NULL, NULL, NULL, NULL),
(343, 98, 9, 14550, NULL, '2019-12-30 09:08:34', NULL, NULL, NULL, NULL, NULL),
(344, 98, 10, 14100, NULL, '2019-12-30 09:08:34', NULL, NULL, NULL, NULL, NULL),
(345, 98, 11, 13950, NULL, '2019-12-30 09:08:34', NULL, NULL, NULL, NULL, NULL),
(346, 99, 6, 28225, NULL, '2019-12-30 09:09:51', NULL, NULL, NULL, NULL, NULL),
(347, 99, 3, 28500, NULL, '2019-12-30 09:09:51', NULL, NULL, NULL, NULL, NULL),
(348, 99, 7, 27925, NULL, '2019-12-30 09:09:51', NULL, NULL, NULL, NULL, NULL),
(349, 99, 8, 27925, NULL, '2019-12-30 09:09:51', NULL, NULL, NULL, NULL, NULL),
(350, 99, 9, 27650, NULL, '2019-12-30 09:09:51', NULL, NULL, NULL, NULL, NULL),
(351, 99, 10, 27350, NULL, '2019-12-30 09:09:51', NULL, NULL, NULL, NULL, NULL),
(352, 99, 11, 26800, NULL, '2019-12-30 09:09:51', NULL, NULL, NULL, NULL, NULL),
(353, 100, 6, 15850, NULL, '2019-12-30 09:10:38', NULL, NULL, NULL, NULL, NULL),
(354, 100, 3, 16000, NULL, '2019-12-30 09:10:38', NULL, NULL, NULL, NULL, NULL),
(355, 100, 7, 15675, NULL, '2019-12-30 09:10:38', NULL, NULL, NULL, NULL, NULL),
(356, 100, 8, 15675, NULL, '2019-12-30 09:10:38', NULL, NULL, NULL, NULL, NULL),
(357, 100, 9, 15525, NULL, '2019-12-30 09:10:38', NULL, NULL, NULL, NULL, NULL),
(358, 100, 10, 15350, NULL, '2019-12-30 09:10:38', NULL, NULL, NULL, NULL, NULL),
(359, 100, 11, 15050, NULL, '2019-12-30 09:10:38', NULL, NULL, NULL, NULL, NULL),
(360, 101, 6, 14350, NULL, '2019-12-30 09:11:53', NULL, NULL, NULL, NULL, NULL),
(361, 101, 3, 14500, NULL, '2019-12-30 09:11:53', NULL, NULL, NULL, NULL, NULL),
(362, 101, 7, 14200, NULL, '2019-12-30 09:11:53', NULL, NULL, NULL, NULL, NULL),
(363, 101, 8, 14200, NULL, '2019-12-30 09:11:53', NULL, NULL, NULL, NULL, NULL),
(364, 101, 9, 14075, NULL, '2019-12-30 09:11:53', NULL, NULL, NULL, NULL, NULL),
(365, 101, 10, 13925, NULL, '2019-12-30 09:11:53', NULL, NULL, NULL, NULL, NULL),
(366, 101, 11, 13625, NULL, '2019-12-30 09:11:53', NULL, NULL, NULL, NULL, NULL),
(367, 102, 6, 27725, NULL, '2019-12-30 09:12:38', NULL, NULL, NULL, NULL, NULL),
(368, 102, 3, 28000, NULL, '2019-12-30 09:12:38', NULL, NULL, NULL, NULL, NULL),
(369, 102, 7, 27450, NULL, '2019-12-30 09:12:38', NULL, NULL, NULL, NULL, NULL),
(370, 102, 8, 27450, NULL, '2019-12-30 09:12:38', NULL, NULL, NULL, NULL, NULL),
(371, 102, 9, 27150, NULL, '2019-12-30 09:12:38', NULL, NULL, NULL, NULL, NULL),
(372, 102, 10, 26875, NULL, '2019-12-30 09:12:38', NULL, NULL, NULL, NULL, NULL),
(373, 102, 11, 26325, NULL, '2019-12-30 09:12:38', NULL, NULL, NULL, NULL, NULL),
(374, 103, 6, 35650, NULL, '2019-12-30 09:13:58', NULL, NULL, NULL, NULL, NULL),
(375, 103, 3, 36000, NULL, '2019-12-30 09:13:58', NULL, NULL, NULL, NULL, NULL),
(376, 103, 7, 35275, NULL, '2019-12-30 09:13:58', NULL, NULL, NULL, NULL, NULL),
(377, 103, 8, 35275, NULL, '2019-12-30 09:13:58', NULL, NULL, NULL, NULL, NULL),
(378, 103, 9, 34925, NULL, '2019-12-30 09:13:58', NULL, NULL, NULL, NULL, NULL),
(379, 103, 10, 34550, NULL, '2019-12-30 09:13:58', NULL, NULL, NULL, NULL, NULL),
(380, 103, 11, 33850, NULL, '2019-12-30 09:13:58', NULL, NULL, NULL, NULL, NULL),
(381, 104, 6, 14350, NULL, '2019-12-30 09:14:54', NULL, NULL, NULL, NULL, NULL),
(382, 104, 3, 14500, NULL, '2019-12-30 09:14:54', NULL, NULL, NULL, NULL, NULL),
(383, 104, 7, 14200, NULL, '2019-12-30 09:14:54', NULL, NULL, NULL, NULL, NULL),
(384, 104, 8, 14200, NULL, '2019-12-30 09:14:54', NULL, NULL, NULL, NULL, NULL),
(385, 104, 9, 14075, NULL, '2019-12-30 09:14:54', NULL, NULL, NULL, NULL, NULL),
(386, 104, 10, 13625, NULL, '2019-12-30 09:14:54', NULL, NULL, NULL, NULL, NULL),
(387, 104, 11, 13475, NULL, '2019-12-30 09:14:54', NULL, NULL, NULL, NULL, NULL),
(388, 105, 6, 13475, NULL, '2019-12-30 09:15:54', NULL, NULL, NULL, NULL, NULL),
(389, 105, 3, 3500, NULL, '2019-12-30 09:15:54', NULL, NULL, NULL, NULL, NULL),
(390, 105, 7, 3425, NULL, '2019-12-30 09:15:54', NULL, NULL, NULL, NULL, NULL),
(391, 105, 8, 3425, NULL, '2019-12-30 09:15:54', NULL, NULL, NULL, NULL, NULL),
(392, 105, 9, 3400, NULL, '2019-12-30 09:15:54', NULL, NULL, NULL, NULL, NULL),
(393, 105, 10, 3075, NULL, '2019-12-30 09:15:54', NULL, NULL, NULL, NULL, NULL),
(394, 105, 11, 3050, NULL, '2019-12-30 09:15:54', NULL, NULL, NULL, NULL, NULL),
(395, 106, 6, 6925, NULL, '2019-12-30 09:16:29', NULL, NULL, NULL, NULL, NULL),
(396, 106, 3, 7000, NULL, '2019-12-30 09:16:29', NULL, NULL, NULL, NULL, NULL),
(397, 106, 7, 6850, NULL, '2019-12-30 09:16:29', NULL, NULL, NULL, NULL, NULL),
(398, 106, 8, 6850, NULL, '2019-12-30 09:16:29', NULL, NULL, NULL, NULL, NULL),
(399, 106, 9, 6800, NULL, '2019-12-30 09:16:29', NULL, NULL, NULL, NULL, NULL),
(400, 106, 10, 6375, NULL, '2019-12-30 09:16:29', NULL, NULL, NULL, NULL, NULL),
(401, 106, 11, 6300, NULL, '2019-12-30 09:16:29', NULL, NULL, NULL, NULL, NULL),
(402, 108, 6, 26725, NULL, '2019-12-30 09:17:25', NULL, NULL, NULL, NULL, NULL),
(403, 108, 3, 27000, NULL, '2019-12-30 09:17:25', NULL, NULL, NULL, NULL, NULL),
(404, 108, 7, 26450, NULL, '2019-12-30 09:17:25', NULL, NULL, NULL, NULL, NULL),
(405, 108, 8, 26450, NULL, '2019-12-30 09:17:25', NULL, NULL, NULL, NULL, NULL),
(406, 108, 9, 260200, NULL, '2019-12-30 09:17:25', NULL, NULL, NULL, NULL, NULL),
(407, 108, 10, 25925, NULL, '2019-12-30 09:17:25', NULL, NULL, NULL, NULL, NULL),
(408, 108, 11, 25375, NULL, '2019-12-30 09:17:25', NULL, NULL, NULL, NULL, NULL),
(409, 110, 6, 16825, NULL, '2019-12-30 09:18:08', NULL, NULL, NULL, NULL, NULL),
(410, 110, 3, 17000, NULL, '2019-12-30 09:18:08', NULL, NULL, NULL, NULL, NULL),
(411, 110, 7, 16650, NULL, '2019-12-30 09:18:08', NULL, NULL, NULL, NULL, NULL),
(412, 110, 8, 16650, NULL, '2019-12-30 09:18:08', NULL, NULL, NULL, NULL, NULL),
(413, 110, 9, 16500, NULL, '2019-12-30 09:18:08', NULL, NULL, NULL, NULL, NULL),
(414, 110, 10, 15800, NULL, '2019-12-30 09:18:08', NULL, NULL, NULL, NULL, NULL),
(415, 110, 11, 15650, NULL, '2019-12-30 09:18:08', NULL, NULL, NULL, NULL, NULL),
(416, 109, 6, 16825, NULL, '2019-12-30 09:20:19', NULL, NULL, NULL, NULL, NULL),
(417, 109, 3, 17000, NULL, '2019-12-30 09:20:19', NULL, NULL, NULL, NULL, NULL),
(418, 109, 7, 16650, NULL, '2019-12-30 09:20:19', NULL, NULL, NULL, NULL, NULL),
(419, 109, 8, 16650, NULL, '2019-12-30 09:20:19', NULL, NULL, NULL, NULL, NULL),
(420, 109, 9, 16500, NULL, '2019-12-30 09:20:19', NULL, NULL, NULL, NULL, NULL),
(421, 109, 10, 15800, NULL, '2019-12-30 09:20:19', NULL, NULL, NULL, NULL, NULL),
(422, 109, 11, 15650, NULL, '2019-12-30 09:20:19', NULL, NULL, NULL, NULL, NULL),
(423, 112, 6, 32675, NULL, '2019-12-30 09:20:58', NULL, NULL, NULL, NULL, NULL),
(424, 112, 3, 33000, NULL, '2019-12-30 09:20:58', NULL, NULL, NULL, NULL, NULL),
(425, 112, 7, 32350, NULL, '2019-12-30 09:20:58', NULL, NULL, NULL, NULL, NULL),
(426, 112, 8, 32350, NULL, '2019-12-30 09:20:58', NULL, NULL, NULL, NULL, NULL),
(427, 112, 9, 32000, NULL, '2019-12-30 09:20:58', NULL, NULL, NULL, NULL, NULL),
(428, 112, 10, 31675, NULL, '2019-12-30 09:20:58', NULL, NULL, NULL, NULL, NULL),
(429, 112, 11, 31500, NULL, '2019-12-30 09:20:58', NULL, NULL, NULL, NULL, NULL),
(430, 111, 6, 17325, NULL, '2019-12-30 09:21:48', NULL, NULL, NULL, NULL, NULL),
(431, 111, 3, 17500, NULL, '2019-12-30 09:21:48', NULL, NULL, NULL, NULL, NULL),
(432, 111, 7, 17150, NULL, '2019-12-30 09:21:48', NULL, NULL, NULL, NULL, NULL),
(433, 111, 8, 17150, NULL, '2019-12-30 09:21:48', NULL, NULL, NULL, NULL, NULL),
(434, 111, 9, 16975, NULL, '2019-12-30 09:21:48', NULL, NULL, NULL, NULL, NULL),
(435, 111, 10, 16800, NULL, '2019-12-30 09:21:48', NULL, NULL, NULL, NULL, NULL),
(436, 111, 11, 16625, NULL, '2019-12-30 09:21:48', NULL, NULL, NULL, NULL, NULL),
(437, 113, 6, 17150, NULL, '2019-12-30 09:23:45', NULL, NULL, NULL, NULL, NULL),
(438, 113, 3, 17500, NULL, '2019-12-30 09:23:45', NULL, NULL, NULL, NULL, NULL),
(439, 113, 7, 16800, NULL, '2019-12-30 09:23:45', NULL, NULL, NULL, NULL, NULL),
(440, 113, 8, 16450, NULL, '2019-12-30 09:23:45', NULL, NULL, NULL, NULL, NULL),
(441, 113, 9, 16100, NULL, '2019-12-30 09:23:45', NULL, NULL, NULL, NULL, NULL),
(442, 113, 10, 15750, NULL, '2019-12-30 09:23:45', NULL, NULL, NULL, NULL, NULL),
(443, 113, 11, 15400, NULL, '2019-12-30 09:23:45', NULL, NULL, NULL, NULL, NULL),
(444, 114, 6, 58800, NULL, '2019-12-30 09:24:44', NULL, NULL, NULL, NULL, NULL),
(445, 114, 3, 60000, NULL, '2019-12-30 09:24:44', NULL, NULL, NULL, NULL, NULL),
(446, 114, 7, 57600, NULL, '2019-12-30 09:24:44', NULL, NULL, NULL, NULL, NULL),
(447, 114, 8, 56400, NULL, '2019-12-30 09:24:44', NULL, NULL, NULL, NULL, NULL),
(448, 114, 9, 55200, NULL, '2019-12-30 09:24:44', NULL, NULL, NULL, NULL, NULL),
(449, 114, 10, 54000, NULL, '2019-12-30 09:24:44', NULL, NULL, NULL, NULL, NULL),
(450, 114, 11, 52800, NULL, '2019-12-30 09:24:44', NULL, NULL, NULL, NULL, NULL),
(1332, 248, 11, 11000, NULL, '2019-12-31 14:16:00', NULL, NULL, NULL, NULL, NULL),
(1331, 248, 10, 11250, NULL, '2019-12-31 14:16:00', NULL, NULL, NULL, NULL, NULL),
(1330, 248, 9, 11500, NULL, '2019-12-31 14:16:00', NULL, NULL, NULL, NULL, NULL),
(1329, 248, 8, 11750, NULL, '2019-12-31 14:16:00', NULL, NULL, NULL, NULL, NULL),
(1328, 248, 7, 12000, NULL, '2019-12-31 14:16:00', NULL, NULL, NULL, NULL, NULL),
(1327, 248, 3, 12500, NULL, '2019-12-31 14:16:00', NULL, NULL, NULL, NULL, NULL),
(1326, 248, 6, 12250, NULL, '2019-12-31 14:16:00', NULL, NULL, NULL, NULL, NULL),
(458, 118, 6, 53900, NULL, '2019-12-30 09:25:59', NULL, NULL, NULL, NULL, NULL),
(459, 118, 3, 55000, NULL, '2019-12-30 09:25:59', NULL, NULL, NULL, NULL, NULL),
(460, 118, 7, 52800, NULL, '2019-12-30 09:25:59', NULL, NULL, NULL, NULL, NULL),
(461, 118, 8, 51700, NULL, '2019-12-30 09:25:59', NULL, NULL, NULL, NULL, NULL),
(462, 118, 9, 50600, NULL, '2019-12-30 09:25:59', NULL, NULL, NULL, NULL, NULL),
(463, 118, 10, 49500, NULL, '2019-12-30 09:25:59', NULL, NULL, NULL, NULL, NULL),
(464, 118, 11, 48400, NULL, '2019-12-30 09:25:59', NULL, NULL, NULL, NULL, NULL),
(465, 117, 6, 15675, NULL, '2019-12-30 09:26:48', NULL, NULL, NULL, NULL, NULL),
(466, 117, 3, 16000, NULL, '2019-12-30 09:26:48', NULL, NULL, NULL, NULL, NULL),
(467, 117, 7, 15350, NULL, '2019-12-30 09:26:48', NULL, NULL, NULL, NULL, NULL),
(468, 117, 8, 15050, NULL, '2019-12-30 09:26:48', NULL, NULL, NULL, NULL, NULL),
(469, 117, 9, 14725, NULL, '2019-12-30 09:26:48', NULL, NULL, NULL, NULL, NULL),
(470, 117, 10, 14400, NULL, '2019-12-30 09:26:48', NULL, NULL, NULL, NULL, NULL),
(471, 117, 11, 14075, NULL, '2019-12-30 09:26:48', NULL, NULL, NULL, NULL, NULL),
(472, 119, 6, 51450, NULL, '2019-12-30 09:27:25', NULL, NULL, NULL, NULL, NULL),
(473, 119, 3, 52500, NULL, '2019-12-30 09:27:25', NULL, NULL, NULL, NULL, NULL),
(474, 119, 7, 50400, NULL, '2019-12-30 09:27:25', NULL, NULL, NULL, NULL, NULL),
(475, 119, 8, 49350, NULL, '2019-12-30 09:27:25', NULL, NULL, NULL, NULL, NULL),
(476, 119, 9, 48300, NULL, '2019-12-30 09:27:25', NULL, NULL, NULL, NULL, NULL),
(477, 119, 10, 47250, NULL, '2019-12-30 09:27:25', NULL, NULL, NULL, NULL, NULL),
(478, 119, 11, 46200, NULL, '2019-12-30 09:27:25', NULL, NULL, NULL, NULL, NULL),
(479, 120, 6, 30875, NULL, '2019-12-30 09:28:03', NULL, NULL, NULL, NULL, NULL),
(480, 120, 3, 31500, NULL, '2019-12-30 09:28:03', NULL, NULL, NULL, NULL, NULL),
(481, 120, 7, 30250, NULL, '2019-12-30 09:28:03', NULL, NULL, NULL, NULL, NULL),
(482, 120, 8, 29600, NULL, '2019-12-30 09:28:03', NULL, NULL, NULL, NULL, NULL),
(483, 120, 9, 28975, NULL, '2019-12-30 09:28:03', NULL, NULL, NULL, NULL, NULL),
(484, 120, 10, 28350, NULL, '2019-12-30 09:28:03', NULL, NULL, NULL, NULL, NULL),
(485, 120, 11, 27725, NULL, '2019-12-30 09:28:03', NULL, NULL, NULL, NULL, NULL),
(486, 121, 6, 58300, NULL, '2019-12-30 09:28:43', NULL, NULL, NULL, NULL, NULL),
(487, 121, 3, 59500, NULL, '2019-12-30 09:28:43', NULL, NULL, NULL, NULL, NULL),
(488, 121, 7, 57125, NULL, '2019-12-30 09:28:43', NULL, NULL, NULL, NULL, NULL),
(489, 121, 8, 55925, NULL, '2019-12-30 09:28:43', NULL, NULL, NULL, NULL, NULL),
(490, 121, 9, 54750, NULL, '2019-12-30 09:28:43', NULL, NULL, NULL, NULL, NULL),
(491, 121, 10, 53550, NULL, '2019-12-30 09:28:43', NULL, NULL, NULL, NULL, NULL),
(492, 121, 11, 52350, NULL, '2019-12-30 09:28:43', NULL, NULL, NULL, NULL, NULL),
(493, 122, 6, 11750, NULL, '2019-12-30 09:29:13', NULL, NULL, NULL, NULL, NULL),
(494, 122, 3, 12000, NULL, '2019-12-30 09:29:13', NULL, NULL, NULL, NULL, NULL),
(495, 122, 7, 11525, NULL, '2019-12-30 09:29:13', NULL, NULL, NULL, NULL, NULL),
(496, 122, 8, 11275, NULL, '2019-12-30 09:29:13', NULL, NULL, NULL, NULL, NULL),
(497, 122, 9, 11050, NULL, '2019-12-30 09:29:13', NULL, NULL, NULL, NULL, NULL),
(498, 122, 10, 10800, NULL, '2019-12-30 09:29:13', NULL, NULL, NULL, NULL, NULL),
(499, 122, 11, 10550, NULL, '2019-12-30 09:29:13', NULL, NULL, NULL, NULL, NULL),
(500, 123, 6, 25000, NULL, '2019-12-30 09:29:46', NULL, NULL, NULL, NULL, NULL),
(501, 123, 3, 25500, NULL, '2019-12-30 09:29:46', NULL, NULL, NULL, NULL, NULL),
(502, 123, 7, 24475, NULL, '2019-12-30 09:29:46', NULL, NULL, NULL, NULL, NULL),
(503, 123, 8, 23975, NULL, '2019-12-30 09:29:46', NULL, NULL, NULL, NULL, NULL),
(504, 123, 9, 23450, NULL, '2019-12-30 09:29:46', NULL, NULL, NULL, NULL, NULL),
(505, 123, 10, 22950, NULL, '2019-12-30 09:29:46', NULL, NULL, NULL, NULL, NULL),
(506, 123, 11, 22450, NULL, '2019-12-30 09:29:46', NULL, NULL, NULL, NULL, NULL),
(507, 124, 6, 14200, NULL, '2019-12-30 09:30:46', NULL, NULL, NULL, NULL, NULL),
(508, 124, 3, 14500, NULL, '2019-12-30 09:30:46', NULL, NULL, NULL, NULL, NULL),
(509, 124, 7, 13925, NULL, '2019-12-30 09:30:46', NULL, NULL, NULL, NULL, NULL),
(510, 124, 8, 13625, NULL, '2019-12-30 09:30:46', NULL, NULL, NULL, NULL, NULL),
(511, 124, 9, 13350, NULL, '2019-12-30 09:30:46', NULL, NULL, NULL, NULL, NULL),
(512, 124, 10, 13050, NULL, '2019-12-30 09:30:46', NULL, NULL, NULL, NULL, NULL),
(513, 124, 11, 12750, NULL, '2019-12-30 09:30:46', NULL, NULL, NULL, NULL, NULL),
(514, 125, 6, 15675, NULL, '2019-12-30 09:31:32', NULL, NULL, NULL, NULL, NULL),
(515, 125, 3, 16000, NULL, '2019-12-30 09:31:32', NULL, NULL, NULL, NULL, NULL),
(516, 125, 7, 15350, NULL, '2019-12-30 09:31:32', NULL, NULL, NULL, NULL, NULL),
(517, 125, 8, 15050, NULL, '2019-12-30 09:31:32', NULL, NULL, NULL, NULL, NULL),
(518, 125, 9, 14725, NULL, '2019-12-30 09:31:32', NULL, NULL, NULL, NULL, NULL),
(519, 125, 10, 14400, NULL, '2019-12-30 09:31:32', NULL, NULL, NULL, NULL, NULL),
(520, 125, 11, 14075, NULL, '2019-12-30 09:31:32', NULL, NULL, NULL, NULL, NULL),
(521, 126, 6, 13225, NULL, '2019-12-30 09:32:09', NULL, NULL, NULL, NULL, NULL),
(522, 126, 3, 13500, NULL, '2019-12-30 09:32:09', NULL, NULL, NULL, NULL, NULL),
(523, 126, 7, 12950, NULL, '2019-12-30 09:32:09', NULL, NULL, NULL, NULL, NULL),
(524, 126, 8, 12700, NULL, '2019-12-30 09:32:09', NULL, NULL, NULL, NULL, NULL),
(525, 126, 9, 12425, NULL, '2019-12-30 09:32:09', NULL, NULL, NULL, NULL, NULL),
(526, 126, 10, 12150, NULL, '2019-12-30 09:32:09', NULL, NULL, NULL, NULL, NULL),
(527, 126, 11, 11875, NULL, '2019-12-30 09:32:09', NULL, NULL, NULL, NULL, NULL),
(528, 127, 6, 27450, NULL, '2019-12-30 09:32:55', NULL, NULL, NULL, NULL, NULL),
(529, 127, 3, 28000, NULL, '2019-12-30 09:32:55', NULL, NULL, NULL, NULL, NULL),
(530, 127, 7, 26875, NULL, '2019-12-30 09:32:55', NULL, NULL, NULL, NULL, NULL),
(531, 127, 8, 26325, NULL, '2019-12-30 09:32:55', NULL, NULL, NULL, NULL, NULL),
(532, 127, 9, 25750, NULL, '2019-12-30 09:32:55', NULL, NULL, NULL, NULL, NULL),
(533, 127, 10, 25200, NULL, '2019-12-30 09:32:55', NULL, NULL, NULL, NULL, NULL),
(534, 127, 11, 24650, NULL, '2019-12-30 09:32:55', NULL, NULL, NULL, NULL, NULL),
(535, 128, 6, 27925, NULL, '2019-12-30 09:33:34', NULL, NULL, NULL, NULL, NULL),
(536, 128, 3, 28500, NULL, '2019-12-30 09:33:34', NULL, NULL, NULL, NULL, NULL),
(537, 128, 7, 27350, NULL, '2019-12-30 09:33:34', NULL, NULL, NULL, NULL, NULL),
(538, 128, 8, 26800, NULL, '2019-12-30 09:33:34', NULL, NULL, NULL, NULL, NULL),
(539, 128, 9, 26225, NULL, '2019-12-30 09:33:34', NULL, NULL, NULL, NULL, NULL),
(540, 128, 10, 25650, NULL, '2019-12-30 09:33:34', NULL, NULL, NULL, NULL, NULL),
(541, 128, 11, 25075, NULL, '2019-12-30 09:33:34', NULL, NULL, NULL, NULL, NULL),
(542, 129, 6, 22050, NULL, '2019-12-30 09:34:11', NULL, NULL, NULL, NULL, NULL),
(543, 129, 3, 22500, NULL, '2019-12-30 09:34:11', NULL, NULL, NULL, NULL, NULL),
(544, 129, 7, 21600, NULL, '2019-12-30 09:34:11', NULL, NULL, NULL, NULL, NULL),
(545, 129, 8, 21150, NULL, '2019-12-30 09:34:11', NULL, NULL, NULL, NULL, NULL),
(546, 129, 9, 20700, NULL, '2019-12-30 09:34:11', NULL, NULL, NULL, NULL, NULL),
(547, 129, 10, 20250, NULL, '2019-12-30 09:34:11', NULL, NULL, NULL, NULL, NULL),
(548, 129, 11, 19800, NULL, '2019-12-30 09:34:11', NULL, NULL, NULL, NULL, NULL),
(549, 130, 6, 32825, NULL, '2019-12-30 09:34:58', NULL, NULL, NULL, NULL, NULL),
(550, 130, 3, 33500, NULL, '2019-12-30 09:34:58', NULL, NULL, NULL, NULL, NULL),
(551, 130, 7, 32150, NULL, '2019-12-30 09:34:58', NULL, NULL, NULL, NULL, NULL),
(552, 130, 8, 31500, NULL, '2019-12-30 09:34:58', NULL, NULL, NULL, NULL, NULL),
(553, 130, 9, 30825, NULL, '2019-12-30 09:34:58', NULL, NULL, NULL, NULL, NULL),
(554, 130, 10, 30150, NULL, '2019-12-30 09:34:58', NULL, NULL, NULL, NULL, NULL),
(555, 130, 11, 29475, NULL, '2019-12-30 09:34:58', NULL, NULL, NULL, NULL, NULL),
(556, 132, 6, 13725, NULL, '2019-12-30 09:36:21', NULL, NULL, NULL, NULL, NULL),
(557, 132, 3, 14000, NULL, '2019-12-30 09:36:21', NULL, NULL, NULL, NULL, NULL),
(558, 132, 7, 13450, NULL, '2019-12-30 09:36:21', NULL, NULL, NULL, NULL, NULL),
(559, 132, 8, 13150, NULL, '2019-12-30 09:36:21', NULL, NULL, NULL, NULL, NULL),
(560, 132, 9, 12875, NULL, '2019-12-30 09:36:21', NULL, NULL, NULL, NULL, NULL),
(561, 132, 10, 12600, NULL, '2019-12-30 09:36:21', NULL, NULL, NULL, NULL, NULL),
(562, 132, 11, 12325, NULL, '2019-12-30 09:36:21', NULL, NULL, NULL, NULL, NULL),
(563, 134, 6, 37250, NULL, '2019-12-30 09:36:56', NULL, NULL, NULL, NULL, NULL),
(564, 134, 3, 38000, NULL, '2019-12-30 09:36:56', NULL, NULL, NULL, NULL, NULL),
(565, 134, 7, 36475, NULL, '2019-12-30 09:36:56', NULL, NULL, NULL, NULL, NULL),
(566, 134, 8, 35725, NULL, '2019-12-30 09:36:56', NULL, NULL, NULL, NULL, NULL),
(567, 134, 9, 34925, NULL, '2019-12-30 09:36:56', NULL, NULL, NULL, NULL, NULL),
(568, 134, 10, 34200, NULL, '2019-12-30 09:36:56', NULL, NULL, NULL, NULL, NULL),
(569, 134, 11, 33450, NULL, '2019-12-30 09:36:56', NULL, NULL, NULL, NULL, NULL),
(570, 133, 6, 35275, NULL, '2019-12-30 09:37:46', NULL, NULL, NULL, NULL, NULL),
(571, 133, 3, 36000, NULL, '2019-12-30 09:37:46', NULL, NULL, NULL, NULL, NULL),
(572, 133, 7, 34550, NULL, '2019-12-30 09:37:46', NULL, NULL, NULL, NULL, NULL),
(573, 133, 8, 33850, NULL, '2019-12-30 09:37:46', NULL, NULL, NULL, NULL, NULL),
(574, 133, 9, 33125, NULL, '2019-12-30 09:37:46', NULL, NULL, NULL, NULL, NULL),
(575, 133, 10, 32400, NULL, '2019-12-30 09:37:46', NULL, NULL, NULL, NULL, NULL),
(576, 133, 11, 31675, NULL, '2019-12-30 09:37:46', NULL, NULL, NULL, NULL, NULL),
(584, 135, 6, 32350, NULL, '2019-12-30 09:39:21', NULL, NULL, NULL, NULL, NULL),
(585, 135, 3, 33000, NULL, '2019-12-30 09:39:21', NULL, NULL, NULL, NULL, NULL),
(586, 135, 7, 31675, NULL, '2019-12-30 09:39:21', NULL, NULL, NULL, NULL, NULL),
(587, 135, 8, 31025, NULL, '2019-12-30 09:39:21', NULL, NULL, NULL, NULL, NULL),
(588, 135, 9, 30350, NULL, '2019-12-30 09:39:21', NULL, NULL, NULL, NULL, NULL),
(589, 135, 10, 29700, NULL, '2019-12-30 09:39:21', NULL, NULL, NULL, NULL, NULL),
(590, 135, 11, 29050, NULL, '2019-12-30 09:39:21', NULL, NULL, NULL, NULL, NULL),
(591, 136, 6, 34300, NULL, '2019-12-30 09:40:14', NULL, NULL, NULL, NULL, NULL),
(592, 136, 3, 35000, NULL, '2019-12-30 09:40:14', NULL, NULL, NULL, NULL, NULL),
(593, 136, 7, 33600, NULL, '2019-12-30 09:40:14', NULL, NULL, NULL, NULL, NULL),
(594, 136, 8, 32900, NULL, '2019-12-30 09:40:14', NULL, NULL, NULL, NULL, NULL),
(595, 136, 9, 32200, NULL, '2019-12-30 09:40:14', NULL, NULL, NULL, NULL, NULL),
(596, 136, 10, 31500, NULL, '2019-12-30 09:40:14', NULL, NULL, NULL, NULL, NULL),
(597, 136, 11, 30800, NULL, '2019-12-30 09:40:14', NULL, NULL, NULL, NULL, NULL),
(598, 146, 6, 38225, NULL, '2019-12-30 09:40:59', NULL, NULL, NULL, NULL, NULL),
(599, 146, 3, 39000, NULL, '2019-12-30 09:40:59', NULL, NULL, NULL, NULL, NULL),
(600, 146, 7, 37450, NULL, '2019-12-30 09:40:59', NULL, NULL, NULL, NULL, NULL),
(601, 146, 8, 36650, NULL, '2019-12-30 09:40:59', NULL, NULL, NULL, NULL, NULL),
(602, 146, 9, 35875, NULL, '2019-12-30 09:40:59', NULL, NULL, NULL, NULL, NULL),
(603, 146, 10, 35100, NULL, '2019-12-30 09:40:59', NULL, NULL, NULL, NULL, NULL),
(604, 146, 11, 34325, NULL, '2019-12-30 09:40:59', NULL, NULL, NULL, NULL, NULL),
(605, 179, 6, 17650, NULL, '2019-12-30 09:41:37', NULL, NULL, NULL, NULL, NULL),
(606, 179, 3, 18000, NULL, '2019-12-30 09:41:37', NULL, NULL, NULL, NULL, NULL),
(607, 179, 7, 17450, NULL, '2019-12-30 09:41:37', NULL, NULL, NULL, NULL, NULL),
(608, 179, 8, 17275, NULL, '2019-12-30 09:41:37', NULL, NULL, NULL, NULL, NULL),
(609, 179, 9, 17100, NULL, '2019-12-30 09:41:37', NULL, NULL, NULL, NULL, NULL),
(610, 179, 10, 16925, NULL, '2019-12-30 09:41:37', NULL, NULL, NULL, NULL, NULL),
(611, 179, 11, 16750, NULL, '2019-12-30 09:41:37', NULL, NULL, NULL, NULL, NULL),
(612, 180, 6, 7350, NULL, '2019-12-30 09:43:19', NULL, NULL, NULL, NULL, NULL),
(613, 180, 3, 7500, NULL, '2019-12-30 09:43:19', NULL, NULL, NULL, NULL, NULL),
(614, 180, 7, 7275, NULL, '2019-12-30 09:43:19', NULL, NULL, NULL, NULL, NULL),
(615, 180, 8, 7200, NULL, '2019-12-30 09:43:19', NULL, NULL, NULL, NULL, NULL),
(616, 180, 9, 7125, NULL, '2019-12-30 09:43:19', NULL, NULL, NULL, NULL, NULL),
(617, 180, 10, 7050, NULL, '2019-12-30 09:43:19', NULL, NULL, NULL, NULL, NULL),
(618, 180, 11, 6975, NULL, '2019-12-30 09:43:19', NULL, NULL, NULL, NULL, NULL),
(619, 181, 6, 17650, NULL, '2019-12-30 09:44:21', NULL, NULL, NULL, NULL, NULL),
(620, 181, 3, 18000, NULL, '2019-12-30 09:44:21', NULL, NULL, NULL, NULL, NULL),
(621, 181, 7, 17450, NULL, '2019-12-30 09:44:21', NULL, NULL, NULL, NULL, NULL),
(622, 181, 8, 17275, NULL, '2019-12-30 09:44:21', NULL, NULL, NULL, NULL, NULL),
(623, 181, 9, 17100, NULL, '2019-12-30 09:44:21', NULL, NULL, NULL, NULL, NULL),
(624, 181, 10, 16925, NULL, '2019-12-30 09:44:21', NULL, NULL, NULL, NULL, NULL),
(625, 181, 11, 16750, NULL, '2019-12-30 09:44:21', NULL, NULL, NULL, NULL, NULL),
(626, 182, 6, 17650, NULL, '2019-12-30 09:44:54', NULL, NULL, NULL, NULL, NULL),
(627, 182, 3, 18000, NULL, '2019-12-30 09:44:54', NULL, NULL, NULL, NULL, NULL),
(628, 182, 7, 17450, NULL, '2019-12-30 09:44:54', NULL, NULL, NULL, NULL, NULL),
(629, 182, 8, 17275, NULL, '2019-12-30 09:44:54', NULL, NULL, NULL, NULL, NULL),
(630, 182, 9, 17100, NULL, '2019-12-30 09:44:54', NULL, NULL, NULL, NULL, NULL),
(631, 182, 10, 16925, NULL, '2019-12-30 09:44:54', NULL, NULL, NULL, NULL, NULL),
(632, 182, 11, 16750, NULL, '2019-12-30 09:44:54', NULL, NULL, NULL, NULL, NULL),
(633, 183, 6, 7350, NULL, '2019-12-30 09:45:46', NULL, NULL, NULL, NULL, NULL),
(634, 183, 3, 17500, NULL, '2019-12-30 09:45:46', NULL, NULL, NULL, NULL, NULL),
(635, 183, 7, 7275, NULL, '2019-12-30 09:45:46', NULL, NULL, NULL, NULL, NULL),
(636, 183, 8, 7200, NULL, '2019-12-30 09:45:46', NULL, NULL, NULL, NULL, NULL),
(637, 183, 9, 7125, NULL, '2019-12-30 09:45:46', NULL, NULL, NULL, NULL, NULL),
(638, 183, 10, 7050, NULL, '2019-12-30 09:45:46', NULL, NULL, NULL, NULL, NULL),
(639, 183, 11, 6975, NULL, '2019-12-30 09:45:46', NULL, NULL, NULL, NULL, NULL),
(640, 178, 6, 22050, NULL, '2019-12-30 09:47:00', NULL, NULL, NULL, NULL, NULL),
(641, 178, 3, 22500, NULL, '2019-12-30 09:47:00', NULL, NULL, NULL, NULL, NULL),
(642, 178, 7, 21825, NULL, '2019-12-30 09:47:00', NULL, NULL, NULL, NULL, NULL),
(643, 178, 8, 21600, NULL, '2019-12-30 09:47:00', NULL, NULL, NULL, NULL, NULL),
(644, 178, 9, 21375, NULL, '2019-12-30 09:47:00', NULL, NULL, NULL, NULL, NULL),
(645, 178, 10, 21150, NULL, '2019-12-30 09:47:00', NULL, NULL, NULL, NULL, NULL),
(646, 178, 11, 20925, NULL, '2019-12-30 09:47:00', NULL, NULL, NULL, NULL, NULL),
(647, 184, 6, 7350, NULL, '2019-12-30 09:47:47', NULL, NULL, NULL, NULL, NULL),
(648, 184, 3, 7500, NULL, '2019-12-30 09:47:47', NULL, NULL, NULL, NULL, NULL),
(649, 184, 7, 7275, NULL, '2019-12-30 09:47:47', NULL, NULL, NULL, NULL, NULL),
(650, 184, 8, 7200, NULL, '2019-12-30 09:47:47', NULL, NULL, NULL, NULL, NULL),
(651, 184, 9, 7125, NULL, '2019-12-30 09:47:47', NULL, NULL, NULL, NULL, NULL),
(652, 184, 10, 7050, NULL, '2019-12-30 09:47:47', NULL, NULL, NULL, NULL, NULL),
(653, 184, 11, 6975, NULL, '2019-12-30 09:47:47', NULL, NULL, NULL, NULL, NULL),
(654, 185, 6, 8325, NULL, '2019-12-30 09:48:35', NULL, NULL, NULL, NULL, NULL),
(655, 185, 3, 8500, NULL, '2019-12-30 09:48:35', NULL, NULL, NULL, NULL, NULL),
(656, 185, 7, 8250, NULL, '2019-12-30 09:48:35', NULL, NULL, NULL, NULL, NULL),
(657, 185, 8, 8150, NULL, '2019-12-30 09:48:35', NULL, NULL, NULL, NULL, NULL),
(658, 185, 9, 8075, NULL, '2019-12-30 09:48:35', NULL, NULL, NULL, NULL, NULL),
(659, 185, 10, 8000, NULL, '2019-12-30 09:48:35', NULL, NULL, NULL, NULL, NULL),
(660, 185, 11, 7900, NULL, '2019-12-30 09:48:35', NULL, NULL, NULL, NULL, NULL),
(661, 186, 6, 16175, NULL, '2019-12-30 09:49:14', NULL, NULL, NULL, NULL, NULL),
(662, 186, 3, 16500, NULL, '2019-12-30 09:49:14', NULL, NULL, NULL, NULL, NULL),
(663, 186, 7, 16000, NULL, '2019-12-30 09:49:14', NULL, NULL, NULL, NULL, NULL),
(664, 186, 8, 15850, NULL, '2019-12-30 09:49:14', NULL, NULL, NULL, NULL, NULL),
(665, 186, 9, 15675, NULL, '2019-12-30 09:49:14', NULL, NULL, NULL, NULL, NULL),
(666, 186, 10, 15500, NULL, '2019-12-30 09:49:14', NULL, NULL, NULL, NULL, NULL),
(667, 186, 11, 15350, NULL, '2019-12-30 09:49:14', NULL, NULL, NULL, NULL, NULL),
(668, 187, 6, 15200, NULL, '2019-12-30 09:50:05', NULL, NULL, NULL, NULL, NULL),
(669, 187, 3, 15500, NULL, '2019-12-30 09:50:05', NULL, NULL, NULL, NULL, NULL),
(670, 187, 7, 15025, NULL, '2019-12-30 09:50:05', NULL, NULL, NULL, NULL, NULL),
(671, 187, 8, 14875, NULL, '2019-12-30 09:50:05', NULL, NULL, NULL, NULL, NULL),
(672, 187, 9, 14725, NULL, '2019-12-30 09:50:05', NULL, NULL, NULL, NULL, NULL),
(673, 187, 10, 14575, NULL, '2019-12-30 09:50:05', NULL, NULL, NULL, NULL, NULL),
(674, 187, 11, 14425, NULL, '2019-12-30 09:50:05', NULL, NULL, NULL, NULL, NULL),
(675, 188, 6, 29400, NULL, '2019-12-30 09:50:51', NULL, NULL, NULL, NULL, NULL),
(676, 188, 3, 30000, NULL, '2019-12-30 09:50:51', NULL, NULL, NULL, NULL, NULL),
(677, 188, 7, 29100, NULL, '2019-12-30 09:50:51', NULL, NULL, NULL, NULL, NULL),
(678, 188, 8, 28800, NULL, '2019-12-30 09:50:51', NULL, NULL, NULL, NULL, NULL),
(679, 188, 9, 28500, NULL, '2019-12-30 09:50:51', NULL, NULL, NULL, NULL, NULL),
(680, 188, 10, 28200, NULL, '2019-12-30 09:50:51', NULL, NULL, NULL, NULL, NULL),
(681, 188, 11, 27900, NULL, '2019-12-30 09:50:51', NULL, NULL, NULL, NULL, NULL),
(682, 190, 6, 30375, NULL, '2019-12-30 09:52:12', NULL, NULL, NULL, NULL, NULL),
(683, 190, 3, 31000, NULL, '2019-12-30 09:52:12', NULL, NULL, NULL, NULL, NULL),
(684, 190, 7, 30075, NULL, '2019-12-30 09:52:12', NULL, NULL, NULL, NULL, NULL),
(685, 190, 8, 29750, NULL, '2019-12-30 09:52:12', NULL, NULL, NULL, NULL, NULL),
(686, 190, 9, 29450, NULL, '2019-12-30 09:52:12', NULL, NULL, NULL, NULL, NULL),
(687, 190, 10, 29150, NULL, '2019-12-30 09:52:12', NULL, NULL, NULL, NULL, NULL),
(688, 190, 11, 28825, NULL, '2019-12-30 09:52:12', NULL, NULL, NULL, NULL, NULL),
(689, 189, 6, 16175, NULL, '2019-12-30 09:52:54', NULL, NULL, NULL, NULL, NULL),
(690, 189, 3, 16500, NULL, '2019-12-30 09:52:54', NULL, NULL, NULL, NULL, NULL),
(691, 189, 7, 16000, NULL, '2019-12-30 09:52:54', NULL, NULL, NULL, NULL, NULL),
(692, 189, 8, 15850, NULL, '2019-12-30 09:52:54', NULL, NULL, NULL, NULL, NULL),
(693, 189, 9, 15675, NULL, '2019-12-30 09:52:54', NULL, NULL, NULL, NULL, NULL),
(694, 189, 10, 15500, NULL, '2019-12-30 09:52:54', NULL, NULL, NULL, NULL, NULL),
(695, 189, 11, 15350, NULL, '2019-12-30 09:52:54', NULL, NULL, NULL, NULL, NULL),
(696, 191, 6, 34300, NULL, '2019-12-30 09:54:13', NULL, NULL, NULL, NULL, NULL),
(697, 191, 3, 35000, NULL, '2019-12-30 09:54:13', NULL, NULL, NULL, NULL, NULL),
(698, 191, 7, 33950, NULL, '2019-12-30 09:54:13', NULL, NULL, NULL, NULL, NULL),
(699, 191, 8, 33600, NULL, '2019-12-30 09:54:13', NULL, NULL, NULL, NULL, NULL),
(700, 191, 9, 33250, NULL, '2019-12-30 09:54:13', NULL, NULL, NULL, NULL, NULL),
(701, 191, 10, 32900, NULL, '2019-12-30 09:54:13', NULL, NULL, NULL, NULL, NULL),
(702, 191, 11, 32550, NULL, '2019-12-30 09:54:13', NULL, NULL, NULL, NULL, NULL),
(703, 192, 6, 16825, NULL, '2019-12-30 09:55:00', NULL, NULL, NULL, NULL, NULL),
(704, 192, 3, 17000, NULL, '2019-12-30 09:55:00', NULL, NULL, NULL, NULL, NULL),
(705, 192, 7, 16650, NULL, '2019-12-30 09:55:00', NULL, NULL, NULL, NULL, NULL),
(706, 192, 8, 16650, NULL, '2019-12-30 09:55:00', NULL, NULL, NULL, NULL, NULL),
(707, 192, 9, 16500, NULL, '2019-12-30 09:55:00', NULL, NULL, NULL, NULL, NULL),
(708, 192, 10, 16500, NULL, '2019-12-30 09:55:00', NULL, NULL, NULL, NULL, NULL),
(709, 192, 11, 16325, NULL, '2019-12-30 09:55:00', NULL, NULL, NULL, NULL, NULL),
(710, 194, 6, 30700, NULL, '2019-12-30 09:57:01', NULL, NULL, NULL, NULL, NULL),
(711, 194, 3, 31000, NULL, '2019-12-30 09:57:01', NULL, NULL, NULL, NULL, NULL),
(712, 194, 7, 30375, NULL, '2019-12-30 09:57:01', NULL, NULL, NULL, NULL, NULL),
(713, 194, 8, 30375, NULL, '2019-12-30 09:57:01', NULL, NULL, NULL, NULL, NULL),
(714, 194, 9, 30075, NULL, '2019-12-30 09:57:01', NULL, NULL, NULL, NULL, NULL),
(715, 194, 10, 30075, NULL, '2019-12-30 09:57:01', NULL, NULL, NULL, NULL, NULL),
(716, 194, 11, 29750, NULL, '2019-12-30 09:57:01', NULL, NULL, NULL, NULL, NULL),
(717, 193, 6, 15850, NULL, '2019-12-30 09:58:53', NULL, NULL, NULL, NULL, NULL),
(718, 193, 3, 16000, NULL, '2019-12-30 09:58:53', NULL, NULL, NULL, NULL, NULL),
(719, 193, 7, 15675, NULL, '2019-12-30 09:58:53', NULL, NULL, NULL, NULL, NULL),
(720, 193, 8, 15675, NULL, '2019-12-30 09:58:53', NULL, NULL, NULL, NULL, NULL),
(721, 193, 9, 15525, NULL, '2019-12-30 09:58:53', NULL, NULL, NULL, NULL, NULL),
(722, 193, 10, 15525, NULL, '2019-12-30 09:58:53', NULL, NULL, NULL, NULL, NULL),
(723, 193, 11, 15350, NULL, '2019-12-30 09:58:53', NULL, NULL, NULL, NULL, NULL),
(724, 195, 6, 20575, NULL, '2019-12-30 10:00:09', NULL, NULL, NULL, NULL, NULL),
(725, 195, 3, 21000, NULL, '2019-12-30 10:00:09', NULL, NULL, NULL, NULL, NULL),
(726, 195, 7, 20375, NULL, '2019-12-30 10:00:09', NULL, NULL, NULL, NULL, NULL),
(727, 195, 8, 20150, NULL, '2019-12-30 10:00:09', NULL, NULL, NULL, NULL, NULL),
(728, 195, 9, 19950, NULL, '2019-12-30 10:00:09', NULL, NULL, NULL, NULL, NULL),
(729, 195, 10, 19750, NULL, '2019-12-30 10:00:09', NULL, NULL, NULL, NULL, NULL),
(730, 195, 11, 19525, NULL, '2019-12-30 10:00:09', NULL, NULL, NULL, NULL, NULL),
(731, 196, 6, 13225, NULL, '2019-12-30 10:01:14', NULL, NULL, NULL, NULL, NULL),
(732, 196, 3, 13500, NULL, '2019-12-30 10:01:14', NULL, NULL, NULL, NULL, NULL),
(733, 196, 7, 13100, NULL, '2019-12-30 10:01:14', NULL, NULL, NULL, NULL, NULL),
(734, 196, 8, 12950, NULL, '2019-12-30 10:01:14', NULL, NULL, NULL, NULL, NULL),
(735, 196, 9, 12825, NULL, '2019-12-30 10:01:14', NULL, NULL, NULL, NULL, NULL),
(736, 196, 10, 12700, NULL, '2019-12-30 10:01:14', NULL, NULL, NULL, NULL, NULL),
(737, 196, 11, 12550, NULL, '2019-12-30 10:01:14', NULL, NULL, NULL, NULL, NULL),
(738, 197, 6, 16650, NULL, '2019-12-30 10:01:59', NULL, NULL, NULL, NULL, NULL);
INSERT INTO `tab_pricelist` (`id_pricelist`, `kode_barang`, `kode_kasir`, `harga`, `keterangan`, `datetime`, `opsi1`, `opsi2`, `opsi3`, `opsi4`, `opsi5`) VALUES
(739, 197, 3, 17000, NULL, '2019-12-30 10:01:59', NULL, NULL, NULL, NULL, NULL),
(740, 197, 7, 16500, NULL, '2019-12-30 10:01:59', NULL, NULL, NULL, NULL, NULL),
(741, 197, 8, 16325, NULL, '2019-12-30 10:01:59', NULL, NULL, NULL, NULL, NULL),
(742, 197, 9, 16150, NULL, '2019-12-30 10:01:59', NULL, NULL, NULL, NULL, NULL),
(743, 197, 10, 15975, NULL, '2019-12-30 10:01:59', NULL, NULL, NULL, NULL, NULL),
(744, 197, 11, 15800, NULL, '2019-12-30 10:01:59', NULL, NULL, NULL, NULL, NULL),
(745, 198, 6, 8325, NULL, '2019-12-30 10:03:19', NULL, NULL, NULL, NULL, NULL),
(746, 198, 3, 8500, NULL, '2019-12-30 10:03:19', NULL, NULL, NULL, NULL, NULL),
(747, 198, 7, 8250, NULL, '2019-12-30 10:03:19', NULL, NULL, NULL, NULL, NULL),
(748, 198, 8, 8150, NULL, '2019-12-30 10:03:19', NULL, NULL, NULL, NULL, NULL),
(749, 198, 9, 8075, NULL, '2019-12-30 10:03:19', NULL, NULL, NULL, NULL, NULL),
(750, 198, 10, 8000, NULL, '2019-12-30 10:03:19', NULL, NULL, NULL, NULL, NULL),
(751, 198, 11, 7900, NULL, '2019-12-30 10:03:19', NULL, NULL, NULL, NULL, NULL),
(752, 199, 6, 19600, NULL, '2019-12-30 10:03:58', NULL, NULL, NULL, NULL, NULL),
(753, 199, 3, 20000, NULL, '2019-12-30 10:03:58', NULL, NULL, NULL, NULL, NULL),
(754, 199, 7, 19400, NULL, '2019-12-30 10:03:58', NULL, NULL, NULL, NULL, NULL),
(755, 199, 8, 19200, NULL, '2019-12-30 10:03:58', NULL, NULL, NULL, NULL, NULL),
(756, 199, 9, 19000, NULL, '2019-12-30 10:03:58', NULL, NULL, NULL, NULL, NULL),
(757, 199, 10, 18800, NULL, '2019-12-30 10:03:58', NULL, NULL, NULL, NULL, NULL),
(758, 199, 11, 18600, NULL, '2019-12-30 10:03:58', NULL, NULL, NULL, NULL, NULL),
(759, 200, 6, 5400, NULL, '2019-12-30 10:04:38', NULL, NULL, NULL, NULL, NULL),
(760, 200, 3, 5500, NULL, '2019-12-30 10:04:38', NULL, NULL, NULL, NULL, NULL),
(761, 200, 7, 5325, NULL, '2019-12-30 10:04:38', NULL, NULL, NULL, NULL, NULL),
(762, 200, 8, 5275, NULL, '2019-12-30 10:04:38', NULL, NULL, NULL, NULL, NULL),
(763, 200, 9, 5225, NULL, '2019-12-30 10:04:38', NULL, NULL, NULL, NULL, NULL),
(764, 200, 10, 5175, NULL, '2019-12-30 10:04:38', NULL, NULL, NULL, NULL, NULL),
(765, 200, 11, 5125, NULL, '2019-12-30 10:04:38', NULL, NULL, NULL, NULL, NULL),
(766, 201, 6, 12750, NULL, '2019-12-30 10:05:40', NULL, NULL, NULL, NULL, NULL),
(767, 201, 3, 13000, NULL, '2019-12-30 10:05:40', NULL, NULL, NULL, NULL, NULL),
(768, 201, 7, 12750, NULL, '2019-12-30 10:05:40', NULL, NULL, NULL, NULL, NULL),
(769, 201, 8, 12475, NULL, '2019-12-30 10:05:40', NULL, NULL, NULL, NULL, NULL),
(770, 201, 9, 12350, NULL, '2019-12-30 10:05:40', NULL, NULL, NULL, NULL, NULL),
(771, 201, 10, 12225, NULL, '2019-12-30 10:05:40', NULL, NULL, NULL, NULL, NULL),
(772, 201, 11, 12100, NULL, '2019-12-30 10:05:40', NULL, NULL, NULL, NULL, NULL),
(773, 173, 6, 14200, NULL, '2019-12-30 10:06:46', NULL, NULL, NULL, NULL, NULL),
(774, 173, 3, 14500, NULL, '2019-12-30 10:06:46', NULL, NULL, NULL, NULL, NULL),
(775, 173, 7, 14075, NULL, '2019-12-30 10:06:46', NULL, NULL, NULL, NULL, NULL),
(776, 173, 8, 13925, NULL, '2019-12-30 10:06:46', NULL, NULL, NULL, NULL, NULL),
(777, 173, 9, 13775, NULL, '2019-12-30 10:06:46', NULL, NULL, NULL, NULL, NULL),
(778, 173, 10, 13625, NULL, '2019-12-30 10:06:46', NULL, NULL, NULL, NULL, NULL),
(779, 173, 11, 13475, NULL, '2019-12-30 10:06:46', NULL, NULL, NULL, NULL, NULL),
(780, 174, 6, 15675, NULL, '2019-12-30 10:08:25', NULL, NULL, NULL, NULL, NULL),
(781, 174, 3, 16000, NULL, '2019-12-30 10:08:25', NULL, NULL, NULL, NULL, NULL),
(782, 174, 7, 15525, NULL, '2019-12-30 10:08:25', NULL, NULL, NULL, NULL, NULL),
(783, 174, 8, 15350, NULL, '2019-12-30 10:08:25', NULL, NULL, NULL, NULL, NULL),
(784, 174, 9, 15200, NULL, '2019-12-30 10:08:25', NULL, NULL, NULL, NULL, NULL),
(785, 174, 10, 15050, NULL, '2019-12-30 10:08:25', NULL, NULL, NULL, NULL, NULL),
(786, 174, 11, 14875, NULL, '2019-12-30 10:08:25', NULL, NULL, NULL, NULL, NULL),
(787, 175, 6, 15675, NULL, '2019-12-30 10:09:09', NULL, NULL, NULL, NULL, NULL),
(788, 175, 3, 16000, NULL, '2019-12-30 10:09:09', NULL, NULL, NULL, NULL, NULL),
(789, 175, 7, 15525, NULL, '2019-12-30 10:09:09', NULL, NULL, NULL, NULL, NULL),
(790, 175, 8, 15350, NULL, '2019-12-30 10:09:09', NULL, NULL, NULL, NULL, NULL),
(791, 175, 9, 15200, NULL, '2019-12-30 10:09:09', NULL, NULL, NULL, NULL, NULL),
(792, 175, 10, 15050, NULL, '2019-12-30 10:09:09', NULL, NULL, NULL, NULL, NULL),
(793, 175, 11, 14875, NULL, '2019-12-30 10:09:09', NULL, NULL, NULL, NULL, NULL),
(794, 176, 6, 17150, NULL, '2019-12-30 10:09:53', NULL, NULL, NULL, NULL, NULL),
(795, 176, 3, 17500, NULL, '2019-12-30 10:09:53', NULL, NULL, NULL, NULL, NULL),
(796, 176, 7, 16975, NULL, '2019-12-30 10:09:53', NULL, NULL, NULL, NULL, NULL),
(797, 176, 8, 16800, NULL, '2019-12-30 10:09:53', NULL, NULL, NULL, NULL, NULL),
(798, 176, 9, 16625, NULL, '2019-12-30 10:09:53', NULL, NULL, NULL, NULL, NULL),
(799, 176, 10, 16450, NULL, '2019-12-30 10:09:53', NULL, NULL, NULL, NULL, NULL),
(800, 176, 11, 16275, NULL, '2019-12-30 10:09:53', NULL, NULL, NULL, NULL, NULL),
(801, 177, 6, 22050, NULL, '2019-12-30 10:11:53', NULL, NULL, NULL, NULL, NULL),
(802, 177, 3, 22500, NULL, '2019-12-30 10:11:53', NULL, NULL, NULL, NULL, NULL),
(803, 177, 7, 21825, NULL, '2019-12-30 10:11:53', NULL, NULL, NULL, NULL, NULL),
(804, 177, 8, 21600, NULL, '2019-12-30 10:11:53', NULL, NULL, NULL, NULL, NULL),
(805, 177, 9, 21375, NULL, '2019-12-30 10:11:53', NULL, NULL, NULL, NULL, NULL),
(806, 177, 10, 21150, NULL, '2019-12-30 10:11:53', NULL, NULL, NULL, NULL, NULL),
(807, 177, 11, 21150, NULL, '2019-12-30 10:11:53', NULL, NULL, NULL, NULL, NULL),
(808, 150, 6, 500, NULL, '2019-12-30 10:13:26', NULL, NULL, NULL, NULL, NULL),
(809, 150, 3, 500, NULL, '2019-12-30 10:13:26', NULL, NULL, NULL, NULL, NULL),
(810, 150, 7, 475, NULL, '2019-12-30 10:13:26', NULL, NULL, NULL, NULL, NULL),
(811, 150, 8, 475, NULL, '2019-12-30 10:13:26', NULL, NULL, NULL, NULL, NULL),
(812, 150, 9, 450, NULL, '2019-12-30 10:13:26', NULL, NULL, NULL, NULL, NULL),
(813, 150, 10, 450, NULL, '2019-12-30 10:13:26', NULL, NULL, NULL, NULL, NULL),
(814, 150, 11, 450, NULL, '2019-12-30 10:13:26', NULL, NULL, NULL, NULL, NULL),
(815, 151, 6, 2450, NULL, '2019-12-30 10:14:05', NULL, NULL, NULL, NULL, NULL),
(816, 151, 3, 2500, NULL, '2019-12-30 10:14:05', NULL, NULL, NULL, NULL, NULL),
(817, 151, 7, 2400, NULL, '2019-12-30 10:14:05', NULL, NULL, NULL, NULL, NULL),
(818, 151, 8, 2350, NULL, '2019-12-30 10:14:05', NULL, NULL, NULL, NULL, NULL),
(819, 151, 9, 2300, NULL, '2019-12-30 10:14:05', NULL, NULL, NULL, NULL, NULL),
(820, 151, 10, 2250, NULL, '2019-12-30 10:14:05', NULL, NULL, NULL, NULL, NULL),
(821, 151, 11, 2200, NULL, '2019-12-30 10:14:05', NULL, NULL, NULL, NULL, NULL),
(822, 152, 6, 4900, NULL, '2019-12-30 10:15:09', NULL, NULL, NULL, NULL, NULL),
(823, 152, 3, 5000, NULL, '2019-12-30 10:15:09', NULL, NULL, NULL, NULL, NULL),
(824, 152, 7, 4800, NULL, '2019-12-30 10:15:09', NULL, NULL, NULL, NULL, NULL),
(825, 152, 8, 4700, NULL, '2019-12-30 10:15:09', NULL, NULL, NULL, NULL, NULL),
(826, 152, 9, 4600, NULL, '2019-12-30 10:15:09', NULL, NULL, NULL, NULL, NULL),
(827, 152, 10, 4500, NULL, '2019-12-30 10:15:09', NULL, NULL, NULL, NULL, NULL),
(828, 152, 11, 4400, NULL, '2019-12-30 10:15:09', NULL, NULL, NULL, NULL, NULL),
(829, 153, 6, 4900, NULL, '2019-12-30 10:15:48', NULL, NULL, NULL, NULL, NULL),
(830, 153, 3, 5000, NULL, '2019-12-30 10:15:48', NULL, NULL, NULL, NULL, NULL),
(831, 153, 7, 4800, NULL, '2019-12-30 10:15:48', NULL, NULL, NULL, NULL, NULL),
(832, 153, 8, 4700, NULL, '2019-12-30 10:15:48', NULL, NULL, NULL, NULL, NULL),
(833, 153, 9, 4600, NULL, '2019-12-30 10:15:48', NULL, NULL, NULL, NULL, NULL),
(834, 153, 10, 4500, NULL, '2019-12-30 10:15:48', NULL, NULL, NULL, NULL, NULL),
(835, 153, 11, 4400, NULL, '2019-12-30 10:15:48', NULL, NULL, NULL, NULL, NULL),
(836, 154, 6, 4900, NULL, '2019-12-30 10:16:46', NULL, NULL, NULL, NULL, NULL),
(837, 154, 3, 5000, NULL, '2019-12-30 10:16:46', NULL, NULL, NULL, NULL, NULL),
(838, 154, 7, 4800, NULL, '2019-12-30 10:16:46', NULL, NULL, NULL, NULL, NULL),
(839, 154, 8, 4700, NULL, '2019-12-30 10:16:46', NULL, NULL, NULL, NULL, NULL),
(840, 154, 9, 4600, NULL, '2019-12-30 10:16:46', NULL, NULL, NULL, NULL, NULL),
(841, 154, 10, 4500, NULL, '2019-12-30 10:16:46', NULL, NULL, NULL, NULL, NULL),
(842, 154, 11, 4400, NULL, '2019-12-30 10:16:46', NULL, NULL, NULL, NULL, NULL),
(843, 155, 6, 3925, NULL, '2019-12-30 10:17:50', NULL, NULL, NULL, NULL, NULL),
(844, 155, 3, 4000, NULL, '2019-12-30 10:17:50', NULL, NULL, NULL, NULL, NULL),
(845, 155, 7, 3850, NULL, '2019-12-30 10:17:50', NULL, NULL, NULL, NULL, NULL),
(846, 155, 8, 3750, NULL, '2019-12-30 10:17:50', NULL, NULL, NULL, NULL, NULL),
(847, 155, 9, 3675, NULL, '2019-12-30 10:17:50', NULL, NULL, NULL, NULL, NULL),
(848, 155, 10, 3600, NULL, '2019-12-30 10:17:50', NULL, NULL, NULL, NULL, NULL),
(849, 155, 11, 3525, NULL, '2019-12-30 10:17:50', NULL, NULL, NULL, NULL, NULL),
(850, 156, 6, 25475, NULL, '2019-12-30 10:19:46', NULL, NULL, NULL, NULL, NULL),
(851, 156, 3, 26000, NULL, '2019-12-30 10:19:46', NULL, NULL, NULL, NULL, NULL),
(852, 156, 7, 24950, NULL, '2019-12-30 10:19:46', NULL, NULL, NULL, NULL, NULL),
(853, 156, 8, 24450, NULL, '2019-12-30 10:19:46', NULL, NULL, NULL, NULL, NULL),
(854, 156, 9, 23925, NULL, '2019-12-30 10:19:46', NULL, NULL, NULL, NULL, NULL),
(855, 156, 10, 23400, NULL, '2019-12-30 10:19:46', NULL, NULL, NULL, NULL, NULL),
(856, 156, 11, 22875, NULL, '2019-12-30 10:19:46', NULL, NULL, NULL, NULL, NULL),
(857, 157, 6, 4400, NULL, '2019-12-30 10:20:23', NULL, NULL, NULL, NULL, NULL),
(858, 157, 3, 4500, NULL, '2019-12-30 10:20:23', NULL, NULL, NULL, NULL, NULL),
(859, 157, 7, 4325, NULL, '2019-12-30 10:20:23', NULL, NULL, NULL, NULL, NULL),
(860, 157, 8, 4225, NULL, '2019-12-30 10:20:23', NULL, NULL, NULL, NULL, NULL),
(861, 157, 9, 4150, NULL, '2019-12-30 10:20:23', NULL, NULL, NULL, NULL, NULL),
(862, 157, 10, 4050, NULL, '2019-12-30 10:20:23', NULL, NULL, NULL, NULL, NULL),
(863, 157, 11, 3950, NULL, '2019-12-30 10:20:23', NULL, NULL, NULL, NULL, NULL),
(864, 158, 6, 4400, NULL, '2019-12-30 10:21:24', NULL, NULL, NULL, NULL, NULL),
(865, 158, 3, 4500, NULL, '2019-12-30 10:21:24', NULL, NULL, NULL, NULL, NULL),
(866, 158, 7, 4325, NULL, '2019-12-30 10:21:24', NULL, NULL, NULL, NULL, NULL),
(867, 158, 8, 4225, NULL, '2019-12-30 10:21:24', NULL, NULL, NULL, NULL, NULL),
(868, 158, 9, 4150, NULL, '2019-12-30 10:21:24', NULL, NULL, NULL, NULL, NULL),
(869, 158, 10, 4050, NULL, '2019-12-30 10:21:24', NULL, NULL, NULL, NULL, NULL),
(870, 158, 11, 3950, NULL, '2019-12-30 10:21:24', NULL, NULL, NULL, NULL, NULL),
(871, 160, 6, 4400, NULL, '2019-12-30 10:22:13', NULL, NULL, NULL, NULL, NULL),
(872, 160, 3, 4500, NULL, '2019-12-30 10:22:13', NULL, NULL, NULL, NULL, NULL),
(873, 160, 7, 4325, NULL, '2019-12-30 10:22:13', NULL, NULL, NULL, NULL, NULL),
(874, 160, 8, 4225, NULL, '2019-12-30 10:22:13', NULL, NULL, NULL, NULL, NULL),
(875, 160, 9, 4150, NULL, '2019-12-30 10:22:13', NULL, NULL, NULL, NULL, NULL),
(876, 160, 10, 4050, NULL, '2019-12-30 10:22:13', NULL, NULL, NULL, NULL, NULL),
(877, 160, 11, 3950, NULL, '2019-12-30 10:22:13', NULL, NULL, NULL, NULL, NULL),
(878, 161, 6, 4400, NULL, '2019-12-30 10:23:04', NULL, NULL, NULL, NULL, NULL),
(879, 161, 3, 4500, NULL, '2019-12-30 10:23:04', NULL, NULL, NULL, NULL, NULL),
(880, 161, 7, 4325, NULL, '2019-12-30 10:23:04', NULL, NULL, NULL, NULL, NULL),
(881, 161, 8, 4225, NULL, '2019-12-30 10:23:04', NULL, NULL, NULL, NULL, NULL),
(882, 161, 9, 4150, NULL, '2019-12-30 10:23:04', NULL, NULL, NULL, NULL, NULL),
(883, 161, 10, 4050, NULL, '2019-12-30 10:23:04', NULL, NULL, NULL, NULL, NULL),
(884, 161, 11, 3950, NULL, '2019-12-30 10:23:04', NULL, NULL, NULL, NULL, NULL),
(885, 162, 6, 4400, NULL, '2019-12-30 10:23:41', NULL, NULL, NULL, NULL, NULL),
(886, 162, 3, 4500, NULL, '2019-12-30 10:23:41', NULL, NULL, NULL, NULL, NULL),
(887, 162, 7, 4325, NULL, '2019-12-30 10:23:41', NULL, NULL, NULL, NULL, NULL),
(888, 162, 8, 4225, NULL, '2019-12-30 10:23:41', NULL, NULL, NULL, NULL, NULL),
(889, 162, 9, 4150, NULL, '2019-12-30 10:23:41', NULL, NULL, NULL, NULL, NULL),
(890, 162, 10, 4050, NULL, '2019-12-30 10:23:41', NULL, NULL, NULL, NULL, NULL),
(891, 162, 11, 3950, NULL, '2019-12-30 10:23:41', NULL, NULL, NULL, NULL, NULL),
(892, 163, 6, 4400, NULL, '2019-12-30 10:24:16', NULL, NULL, NULL, NULL, NULL),
(893, 163, 3, 4500, NULL, '2019-12-30 10:24:16', NULL, NULL, NULL, NULL, NULL),
(894, 163, 7, 4325, NULL, '2019-12-30 10:24:16', NULL, NULL, NULL, NULL, NULL),
(895, 163, 8, 4225, NULL, '2019-12-30 10:24:16', NULL, NULL, NULL, NULL, NULL),
(896, 163, 9, 4150, NULL, '2019-12-30 10:24:16', NULL, NULL, NULL, NULL, NULL),
(897, 163, 10, 4050, NULL, '2019-12-30 10:24:16', NULL, NULL, NULL, NULL, NULL),
(898, 163, 11, 3950, NULL, '2019-12-30 10:24:16', NULL, NULL, NULL, NULL, NULL),
(899, 164, 6, 4400, NULL, '2019-12-30 10:25:08', NULL, NULL, NULL, NULL, NULL),
(900, 164, 3, 4500, NULL, '2019-12-30 10:25:08', NULL, NULL, NULL, NULL, NULL),
(901, 164, 7, 4325, NULL, '2019-12-30 10:25:08', NULL, NULL, NULL, NULL, NULL),
(902, 164, 8, 4225, NULL, '2019-12-30 10:25:08', NULL, NULL, NULL, NULL, NULL),
(903, 164, 9, 4150, NULL, '2019-12-30 10:25:08', NULL, NULL, NULL, NULL, NULL),
(904, 164, 10, 4050, NULL, '2019-12-30 10:25:08', NULL, NULL, NULL, NULL, NULL),
(905, 164, 11, 3950, NULL, '2019-12-30 10:25:08', NULL, NULL, NULL, NULL, NULL),
(906, 165, 6, 9300, NULL, '2019-12-30 10:25:49', NULL, NULL, NULL, NULL, NULL),
(907, 165, 3, 9500, NULL, '2019-12-30 10:25:49', NULL, NULL, NULL, NULL, NULL),
(908, 165, 7, 9125, NULL, '2019-12-30 10:25:49', NULL, NULL, NULL, NULL, NULL),
(909, 165, 8, 8925, NULL, '2019-12-30 10:25:49', NULL, NULL, NULL, NULL, NULL),
(910, 165, 9, 8750, NULL, '2019-12-30 10:25:49', NULL, NULL, NULL, NULL, NULL),
(911, 165, 10, 8550, NULL, '2019-12-30 10:25:49', NULL, NULL, NULL, NULL, NULL),
(912, 165, 11, 8350, NULL, '2019-12-30 10:25:49', NULL, NULL, NULL, NULL, NULL),
(920, 166, 6, 7850, NULL, '2019-12-30 10:28:27', NULL, NULL, NULL, NULL, NULL),
(921, 166, 3, 8000, NULL, '2019-12-30 10:28:27', NULL, NULL, NULL, NULL, NULL),
(922, 166, 7, 7675, NULL, '2019-12-30 10:28:27', NULL, NULL, NULL, NULL, NULL),
(923, 166, 8, 7525, NULL, '2019-12-30 10:28:27', NULL, NULL, NULL, NULL, NULL),
(924, 166, 9, 7350, NULL, '2019-12-30 10:28:27', NULL, NULL, NULL, NULL, NULL),
(925, 166, 10, 7200, NULL, '2019-12-30 10:28:27', NULL, NULL, NULL, NULL, NULL),
(926, 166, 11, 7050, NULL, '2019-12-30 10:28:27', NULL, NULL, NULL, NULL, NULL),
(927, 167, 6, 12750, NULL, '2019-12-30 10:36:29', NULL, NULL, NULL, NULL, NULL),
(928, 167, 3, 13000, NULL, '2019-12-30 10:36:29', NULL, NULL, NULL, NULL, NULL),
(929, 167, 7, 12475, NULL, '2019-12-30 10:36:29', NULL, NULL, NULL, NULL, NULL),
(930, 167, 8, 12225, NULL, '2019-12-30 10:36:29', NULL, NULL, NULL, NULL, NULL),
(931, 167, 9, 11950, NULL, '2019-12-30 10:36:29', NULL, NULL, NULL, NULL, NULL),
(932, 167, 10, 11700, NULL, '2019-12-30 10:36:29', NULL, NULL, NULL, NULL, NULL),
(933, 167, 11, 11450, NULL, '2019-12-30 10:36:29', NULL, NULL, NULL, NULL, NULL),
(934, 168, 6, 12750, NULL, '2019-12-30 10:37:29', NULL, NULL, NULL, NULL, NULL),
(935, 168, 3, 13000, NULL, '2019-12-30 10:37:29', NULL, NULL, NULL, NULL, NULL),
(936, 168, 7, 12475, NULL, '2019-12-30 10:37:29', NULL, NULL, NULL, NULL, NULL),
(937, 168, 8, 12225, NULL, '2019-12-30 10:37:29', NULL, NULL, NULL, NULL, NULL),
(938, 168, 9, 11950, NULL, '2019-12-30 10:37:29', NULL, NULL, NULL, NULL, NULL),
(939, 168, 10, 11700, NULL, '2019-12-30 10:37:29', NULL, NULL, NULL, NULL, NULL),
(940, 168, 11, 11450, NULL, '2019-12-30 10:37:29', NULL, NULL, NULL, NULL, NULL),
(941, 169, 6, 6850, NULL, '2019-12-30 10:38:07', NULL, NULL, NULL, NULL, NULL),
(942, 169, 3, 7000, NULL, '2019-12-30 10:38:07', NULL, NULL, NULL, NULL, NULL),
(943, 169, 7, 6725, NULL, '2019-12-30 10:38:07', NULL, NULL, NULL, NULL, NULL),
(944, 169, 8, 6575, NULL, '2019-12-30 10:38:07', NULL, NULL, NULL, NULL, NULL),
(945, 169, 9, 6450, NULL, '2019-12-30 10:38:07', NULL, NULL, NULL, NULL, NULL),
(946, 169, 10, 6300, NULL, '2019-12-30 10:38:07', NULL, NULL, NULL, NULL, NULL),
(947, 169, 11, 6150, NULL, '2019-12-30 10:38:07', NULL, NULL, NULL, NULL, NULL),
(948, 170, 6, 27450, NULL, '2019-12-30 10:38:58', NULL, NULL, NULL, NULL, NULL),
(949, 170, 3, 28000, NULL, '2019-12-30 10:38:58', NULL, NULL, NULL, NULL, NULL),
(950, 170, 7, 26875, NULL, '2019-12-30 10:38:58', NULL, NULL, NULL, NULL, NULL),
(951, 170, 8, 26325, NULL, '2019-12-30 10:38:58', NULL, NULL, NULL, NULL, NULL),
(952, 170, 9, 25750, NULL, '2019-12-30 10:38:58', NULL, NULL, NULL, NULL, NULL),
(953, 170, 10, 25200, NULL, '2019-12-30 10:38:58', NULL, NULL, NULL, NULL, NULL),
(954, 170, 11, 24650, NULL, '2019-12-30 10:38:58', NULL, NULL, NULL, NULL, NULL),
(955, 171, 6, 16650, NULL, '2019-12-30 10:39:36', NULL, NULL, NULL, NULL, NULL),
(956, 171, 3, 17000, NULL, '2019-12-30 10:39:36', NULL, NULL, NULL, NULL, NULL),
(957, 171, 7, 16325, NULL, '2019-12-30 10:39:36', NULL, NULL, NULL, NULL, NULL),
(958, 171, 8, 15975, NULL, '2019-12-30 10:39:36', NULL, NULL, NULL, NULL, NULL),
(959, 171, 9, 15650, NULL, '2019-12-30 10:39:36', NULL, NULL, NULL, NULL, NULL),
(960, 171, 10, 15300, NULL, '2019-12-30 10:39:36', NULL, NULL, NULL, NULL, NULL),
(961, 171, 11, 14950, NULL, '2019-12-30 10:39:36', NULL, NULL, NULL, NULL, NULL),
(976, 172, 6, 37000, NULL, '2019-12-30 15:36:10', NULL, NULL, NULL, NULL, NULL),
(977, 172, 3, 37000, NULL, '2019-12-30 15:36:10', NULL, NULL, NULL, NULL, NULL),
(978, 172, 7, 37000, NULL, '2019-12-30 15:36:10', NULL, NULL, NULL, NULL, NULL),
(979, 172, 8, 37000, NULL, '2019-12-30 15:36:10', NULL, NULL, NULL, NULL, NULL),
(980, 172, 9, 37000, NULL, '2019-12-30 15:36:10', NULL, NULL, NULL, NULL, NULL),
(981, 172, 10, 37000, NULL, '2019-12-30 15:36:10', NULL, NULL, NULL, NULL, NULL),
(982, 172, 11, 37000, NULL, '2019-12-30 15:36:10', NULL, NULL, NULL, NULL, NULL),
(983, 229, 6, 6850, NULL, '2019-12-30 15:36:56', NULL, NULL, NULL, NULL, NULL),
(984, 229, 3, 7000, NULL, '2019-12-30 15:36:56', NULL, NULL, NULL, NULL, NULL),
(985, 229, 7, 6725, NULL, '2019-12-30 15:36:56', NULL, NULL, NULL, NULL, NULL),
(986, 229, 8, 6575, NULL, '2019-12-30 15:36:56', NULL, NULL, NULL, NULL, NULL),
(987, 229, 9, 6450, NULL, '2019-12-30 15:36:56', NULL, NULL, NULL, NULL, NULL),
(988, 229, 10, 6300, NULL, '2019-12-30 15:36:56', NULL, NULL, NULL, NULL, NULL),
(989, 229, 11, 6150, NULL, '2019-12-30 15:36:56', NULL, NULL, NULL, NULL, NULL),
(990, 213, 6, 7850, NULL, '2019-12-30 15:38:00', NULL, NULL, NULL, NULL, NULL),
(991, 213, 3, 8000, NULL, '2019-12-30 15:38:00', NULL, NULL, NULL, NULL, NULL),
(992, 213, 7, 7675, NULL, '2019-12-30 15:38:00', NULL, NULL, NULL, NULL, NULL),
(993, 213, 8, 7525, NULL, '2019-12-30 15:38:00', NULL, NULL, NULL, NULL, NULL),
(994, 213, 9, 7350, NULL, '2019-12-30 15:38:00', NULL, NULL, NULL, NULL, NULL),
(995, 213, 10, 7200, NULL, '2019-12-30 15:38:00', NULL, NULL, NULL, NULL, NULL),
(996, 213, 11, 7050, NULL, '2019-12-30 15:38:00', NULL, NULL, NULL, NULL, NULL),
(997, 214, 6, 5875, NULL, '2019-12-30 15:38:49', NULL, NULL, NULL, NULL, NULL),
(998, 214, 3, 6000, NULL, '2019-12-30 15:38:49', NULL, NULL, NULL, NULL, NULL),
(999, 214, 7, 5750, NULL, '2019-12-30 15:38:49', NULL, NULL, NULL, NULL, NULL),
(1000, 214, 8, 5650, NULL, '2019-12-30 15:38:49', NULL, NULL, NULL, NULL, NULL),
(1001, 214, 9, 5525, NULL, '2019-12-30 15:38:49', NULL, NULL, NULL, NULL, NULL),
(1002, 214, 10, 5400, NULL, '2019-12-30 15:38:49', NULL, NULL, NULL, NULL, NULL),
(1003, 214, 11, 5275, NULL, '2019-12-30 15:38:49', NULL, NULL, NULL, NULL, NULL),
(1004, 212, 6, 7850, NULL, '2019-12-30 15:39:30', NULL, NULL, NULL, NULL, NULL),
(1005, 212, 3, 8000, NULL, '2019-12-30 15:39:30', NULL, NULL, NULL, NULL, NULL),
(1006, 212, 7, 7675, NULL, '2019-12-30 15:39:30', NULL, NULL, NULL, NULL, NULL),
(1007, 212, 8, 7525, NULL, '2019-12-30 15:39:30', NULL, NULL, NULL, NULL, NULL),
(1008, 212, 9, 7350, NULL, '2019-12-30 15:39:30', NULL, NULL, NULL, NULL, NULL),
(1009, 212, 10, 7200, NULL, '2019-12-30 15:39:30', NULL, NULL, NULL, NULL, NULL),
(1010, 212, 11, 7050, NULL, '2019-12-30 15:39:30', NULL, NULL, NULL, NULL, NULL),
(1011, 215, 6, 3425, NULL, '2019-12-30 15:40:23', NULL, NULL, NULL, NULL, NULL),
(1012, 215, 3, 3500, NULL, '2019-12-30 15:40:23', NULL, NULL, NULL, NULL, NULL),
(1013, 215, 7, 3400, NULL, '2019-12-30 15:40:23', NULL, NULL, NULL, NULL, NULL),
(1014, 215, 8, 3350, NULL, '2019-12-30 15:40:23', NULL, NULL, NULL, NULL, NULL),
(1015, 215, 9, 3325, NULL, '2019-12-30 15:40:23', NULL, NULL, NULL, NULL, NULL),
(1016, 215, 10, 3300, NULL, '2019-12-30 15:40:23', NULL, NULL, NULL, NULL, NULL),
(1017, 215, 11, 3250, NULL, '2019-12-30 15:40:23', NULL, NULL, NULL, NULL, NULL),
(1018, 216, 6, 3425, NULL, '2019-12-30 15:41:30', NULL, NULL, NULL, NULL, NULL),
(1019, 216, 3, 3500, NULL, '2019-12-30 15:41:30', NULL, NULL, NULL, NULL, NULL),
(1020, 216, 7, 3400, NULL, '2019-12-30 15:41:30', NULL, NULL, NULL, NULL, NULL),
(1021, 216, 8, 3350, NULL, '2019-12-30 15:41:30', NULL, NULL, NULL, NULL, NULL),
(1022, 216, 9, 3325, NULL, '2019-12-30 15:41:30', NULL, NULL, NULL, NULL, NULL),
(1023, 216, 10, 3300, NULL, '2019-12-30 15:41:30', NULL, NULL, NULL, NULL, NULL),
(1024, 216, 11, 3250, NULL, '2019-12-30 15:41:30', NULL, NULL, NULL, NULL, NULL),
(1025, 225, 6, 6375, NULL, '2019-12-30 15:42:18', NULL, NULL, NULL, NULL, NULL),
(1026, 225, 3, 6500, NULL, '2019-12-30 15:42:18', NULL, NULL, NULL, NULL, NULL),
(1027, 225, 7, 6300, NULL, '2019-12-30 15:42:18', NULL, NULL, NULL, NULL, NULL),
(1028, 225, 8, 6250, NULL, '2019-12-30 15:42:18', NULL, NULL, NULL, NULL, NULL),
(1029, 225, 9, 6175, NULL, '2019-12-30 15:42:18', NULL, NULL, NULL, NULL, NULL),
(1030, 225, 10, 6100, NULL, '2019-12-30 15:42:18', NULL, NULL, NULL, NULL, NULL),
(1031, 225, 11, 6050, NULL, '2019-12-30 15:42:18', NULL, NULL, NULL, NULL, NULL),
(1032, 227, 6, 6375, NULL, '2019-12-30 15:43:42', NULL, NULL, NULL, NULL, NULL),
(1033, 227, 3, 6500, NULL, '2019-12-30 15:43:42', NULL, NULL, NULL, NULL, NULL),
(1034, 227, 7, 6300, NULL, '2019-12-30 15:43:42', NULL, NULL, NULL, NULL, NULL),
(1035, 227, 8, 6250, NULL, '2019-12-30 15:43:42', NULL, NULL, NULL, NULL, NULL),
(1036, 227, 9, 6175, NULL, '2019-12-30 15:43:42', NULL, NULL, NULL, NULL, NULL),
(1037, 227, 10, 6100, NULL, '2019-12-30 15:43:42', NULL, NULL, NULL, NULL, NULL),
(1038, 227, 11, 6050, NULL, '2019-12-30 15:43:42', NULL, NULL, NULL, NULL, NULL),
(1039, 228, 6, 6375, NULL, '2019-12-30 15:44:30', NULL, NULL, NULL, NULL, NULL),
(1040, 228, 3, 6500, NULL, '2019-12-30 15:44:30', NULL, NULL, NULL, NULL, NULL),
(1041, 228, 7, 6300, NULL, '2019-12-30 15:44:30', NULL, NULL, NULL, NULL, NULL),
(1042, 228, 8, 6250, NULL, '2019-12-30 15:44:30', NULL, NULL, NULL, NULL, NULL),
(1043, 228, 9, 6175, NULL, '2019-12-30 15:44:30', NULL, NULL, NULL, NULL, NULL),
(1044, 228, 10, 6100, NULL, '2019-12-30 15:44:30', NULL, NULL, NULL, NULL, NULL),
(1045, 228, 11, 6050, NULL, '2019-12-30 15:44:30', NULL, NULL, NULL, NULL, NULL),
(1046, 217, 6, 6375, NULL, '2019-12-30 15:45:15', NULL, NULL, NULL, NULL, NULL),
(1047, 217, 3, 6500, NULL, '2019-12-30 15:45:15', NULL, NULL, NULL, NULL, NULL),
(1048, 217, 7, 6300, NULL, '2019-12-30 15:45:15', NULL, NULL, NULL, NULL, NULL),
(1049, 217, 8, 6250, NULL, '2019-12-30 15:45:15', NULL, NULL, NULL, NULL, NULL),
(1050, 217, 9, 6175, NULL, '2019-12-30 15:45:15', NULL, NULL, NULL, NULL, NULL),
(1051, 217, 10, 6100, NULL, '2019-12-30 15:45:15', NULL, NULL, NULL, NULL, NULL),
(1052, 217, 11, 6050, NULL, '2019-12-30 15:45:15', NULL, NULL, NULL, NULL, NULL),
(1053, 218, 6, 6850, NULL, '2019-12-30 15:46:04', NULL, NULL, NULL, NULL, NULL),
(1054, 218, 3, 7000, NULL, '2019-12-30 15:46:04', NULL, NULL, NULL, NULL, NULL),
(1055, 218, 7, 6800, NULL, '2019-12-30 15:46:04', NULL, NULL, NULL, NULL, NULL),
(1056, 218, 8, 6725, NULL, '2019-12-30 15:46:04', NULL, NULL, NULL, NULL, NULL),
(1057, 218, 9, 6650, NULL, '2019-12-30 15:46:04', NULL, NULL, NULL, NULL, NULL),
(1058, 218, 10, 6575, NULL, '2019-12-30 15:46:04', NULL, NULL, NULL, NULL, NULL),
(1059, 218, 11, 6500, NULL, '2019-12-30 15:46:04', NULL, NULL, NULL, NULL, NULL),
(1060, 219, 6, 6850, NULL, '2019-12-30 15:46:52', NULL, NULL, NULL, NULL, NULL),
(1061, 219, 3, 7000, NULL, '2019-12-30 15:46:52', NULL, NULL, NULL, NULL, NULL),
(1062, 219, 7, 6800, NULL, '2019-12-30 15:46:52', NULL, NULL, NULL, NULL, NULL),
(1063, 219, 8, 6725, NULL, '2019-12-30 15:46:52', NULL, NULL, NULL, NULL, NULL),
(1064, 219, 9, 6650, NULL, '2019-12-30 15:46:52', NULL, NULL, NULL, NULL, NULL),
(1065, 219, 10, 6575, NULL, '2019-12-30 15:46:52', NULL, NULL, NULL, NULL, NULL),
(1066, 219, 11, 6500, NULL, '2019-12-30 15:46:52', NULL, NULL, NULL, NULL, NULL),
(1067, 220, 6, 6850, NULL, '2019-12-30 15:50:21', NULL, NULL, NULL, NULL, NULL),
(1068, 220, 3, 7000, NULL, '2019-12-30 15:50:21', NULL, NULL, NULL, NULL, NULL),
(1069, 220, 7, 6800, NULL, '2019-12-30 15:50:21', NULL, NULL, NULL, NULL, NULL),
(1070, 220, 8, 6725, NULL, '2019-12-30 15:50:21', NULL, NULL, NULL, NULL, NULL),
(1071, 220, 9, 6650, NULL, '2019-12-30 15:50:21', NULL, NULL, NULL, NULL, NULL),
(1072, 220, 10, 6575, NULL, '2019-12-30 15:50:21', NULL, NULL, NULL, NULL, NULL),
(1073, 220, 11, 6500, NULL, '2019-12-30 15:50:21', NULL, NULL, NULL, NULL, NULL),
(1074, 222, 6, 6850, NULL, '2019-12-30 15:51:00', NULL, NULL, NULL, NULL, NULL),
(1075, 222, 3, 7000, NULL, '2019-12-30 15:51:00', NULL, NULL, NULL, NULL, NULL),
(1076, 222, 7, 6800, NULL, '2019-12-30 15:51:00', NULL, NULL, NULL, NULL, NULL),
(1077, 222, 8, 6725, NULL, '2019-12-30 15:51:00', NULL, NULL, NULL, NULL, NULL),
(1078, 222, 9, 6650, NULL, '2019-12-30 15:51:00', NULL, NULL, NULL, NULL, NULL),
(1079, 222, 10, 6575, NULL, '2019-12-30 15:51:00', NULL, NULL, NULL, NULL, NULL),
(1080, 222, 11, 6500, NULL, '2019-12-30 15:51:00', NULL, NULL, NULL, NULL, NULL),
(1081, 230, 6, 6850, NULL, '2019-12-30 15:54:38', NULL, NULL, NULL, NULL, NULL),
(1082, 230, 3, 7000, NULL, '2019-12-30 15:54:38', NULL, NULL, NULL, NULL, NULL),
(1083, 230, 7, 6800, NULL, '2019-12-30 15:54:38', NULL, NULL, NULL, NULL, NULL),
(1084, 230, 8, 6725, NULL, '2019-12-30 15:54:38', NULL, NULL, NULL, NULL, NULL),
(1085, 230, 9, 6650, NULL, '2019-12-30 15:54:38', NULL, NULL, NULL, NULL, NULL),
(1086, 230, 10, 6575, NULL, '2019-12-30 15:54:38', NULL, NULL, NULL, NULL, NULL),
(1087, 230, 11, 6500, NULL, '2019-12-30 15:54:38', NULL, NULL, NULL, NULL, NULL),
(1088, 231, 6, 6850, NULL, '2019-12-30 15:56:47', NULL, NULL, NULL, NULL, NULL),
(1089, 231, 3, 7000, NULL, '2019-12-30 15:56:47', NULL, NULL, NULL, NULL, NULL),
(1090, 231, 7, 6800, NULL, '2019-12-30 15:56:47', NULL, NULL, NULL, NULL, NULL),
(1091, 231, 8, 6725, NULL, '2019-12-30 15:56:47', NULL, NULL, NULL, NULL, NULL),
(1092, 231, 9, 6650, NULL, '2019-12-30 15:56:47', NULL, NULL, NULL, NULL, NULL),
(1093, 231, 10, 6575, NULL, '2019-12-30 15:56:47', NULL, NULL, NULL, NULL, NULL),
(1094, 231, 11, 6500, NULL, '2019-12-30 15:56:47', NULL, NULL, NULL, NULL, NULL),
(1095, 223, 6, 6850, NULL, '2019-12-30 15:57:32', NULL, NULL, NULL, NULL, NULL),
(1096, 223, 3, 7000, NULL, '2019-12-30 15:57:32', NULL, NULL, NULL, NULL, NULL),
(1097, 223, 7, 6800, NULL, '2019-12-30 15:57:32', NULL, NULL, NULL, NULL, NULL),
(1098, 223, 8, 6725, NULL, '2019-12-30 15:57:32', NULL, NULL, NULL, NULL, NULL),
(1099, 223, 9, 6650, NULL, '2019-12-30 15:57:32', NULL, NULL, NULL, NULL, NULL),
(1100, 223, 10, 6575, NULL, '2019-12-30 15:57:32', NULL, NULL, NULL, NULL, NULL),
(1101, 223, 11, 6500, NULL, '2019-12-30 15:57:32', NULL, NULL, NULL, NULL, NULL),
(1102, 232, 6, 6850, NULL, '2019-12-30 15:59:25', NULL, NULL, NULL, NULL, NULL),
(1103, 232, 3, 7000, NULL, '2019-12-30 15:59:25', NULL, NULL, NULL, NULL, NULL),
(1104, 232, 7, 6800, NULL, '2019-12-30 15:59:25', NULL, NULL, NULL, NULL, NULL),
(1105, 232, 8, 6725, NULL, '2019-12-30 15:59:25', NULL, NULL, NULL, NULL, NULL),
(1106, 232, 9, 6650, NULL, '2019-12-30 15:59:25', NULL, NULL, NULL, NULL, NULL),
(1107, 232, 10, 6575, NULL, '2019-12-30 15:59:25', NULL, NULL, NULL, NULL, NULL),
(1108, 232, 11, 6500, NULL, '2019-12-30 15:59:25', NULL, NULL, NULL, NULL, NULL),
(1109, 107, 6, 27225, NULL, '2019-12-30 16:02:11', NULL, NULL, NULL, NULL, NULL),
(1110, 107, 3, 27500, NULL, '2019-12-30 16:02:11', NULL, NULL, NULL, NULL, NULL),
(1111, 107, 7, 26950, NULL, '2019-12-30 16:02:11', NULL, NULL, NULL, NULL, NULL),
(1112, 107, 8, 26950, NULL, '2019-12-30 16:02:11', NULL, NULL, NULL, NULL, NULL),
(1113, 107, 9, 26675, NULL, '2019-12-30 16:02:11', NULL, NULL, NULL, NULL, NULL),
(1114, 107, 10, 26400, NULL, '2019-12-30 16:02:11', NULL, NULL, NULL, NULL, NULL),
(1115, 107, 11, 25850, NULL, '2019-12-30 16:02:11', NULL, NULL, NULL, NULL, NULL),
(1116, 233, 6, 28225, NULL, '2019-12-30 16:08:18', NULL, NULL, NULL, NULL, NULL),
(1117, 233, 3, 28500, NULL, '2019-12-30 16:08:18', NULL, NULL, NULL, NULL, NULL),
(1118, 233, 7, 27925, NULL, '2019-12-30 16:08:18', NULL, NULL, NULL, NULL, NULL),
(1119, 233, 8, 27925, NULL, '2019-12-30 16:08:18', NULL, NULL, NULL, NULL, NULL),
(1120, 233, 9, 27650, NULL, '2019-12-30 16:08:18', NULL, NULL, NULL, NULL, NULL),
(1121, 233, 10, 27350, NULL, '2019-12-30 16:08:18', NULL, NULL, NULL, NULL, NULL),
(1122, 233, 11, 26800, NULL, '2019-12-30 16:08:18', NULL, NULL, NULL, NULL, NULL),
(1123, 96, 6, 31675, NULL, '2019-12-30 16:09:41', NULL, NULL, NULL, NULL, NULL),
(1124, 96, 3, 32000, NULL, '2019-12-30 16:09:41', NULL, NULL, NULL, NULL, NULL),
(1125, 96, 7, 31350, NULL, '2019-12-30 16:09:41', NULL, NULL, NULL, NULL, NULL),
(1126, 96, 8, 31350, NULL, '2019-12-30 16:09:41', NULL, NULL, NULL, NULL, NULL),
(1127, 96, 9, 31050, NULL, '2019-12-30 16:09:41', NULL, NULL, NULL, NULL, NULL),
(1128, 96, 10, 30725, NULL, '2019-12-30 16:09:41', NULL, NULL, NULL, NULL, NULL),
(1129, 96, 11, 30075, NULL, '2019-12-30 16:09:41', NULL, NULL, NULL, NULL, NULL),
(1130, 234, 6, 14700, NULL, '2019-12-30 17:00:12', NULL, NULL, NULL, NULL, NULL),
(1131, 234, 3, 15000, NULL, '2019-12-30 17:00:12', NULL, NULL, NULL, NULL, NULL),
(1132, 234, 7, 14550, NULL, '2019-12-30 17:00:12', NULL, NULL, NULL, NULL, NULL),
(1133, 234, 8, 14400, NULL, '2019-12-30 17:00:12', NULL, NULL, NULL, NULL, NULL),
(1134, 234, 9, 14250, NULL, '2019-12-30 17:00:12', NULL, NULL, NULL, NULL, NULL),
(1135, 234, 10, 14100, NULL, '2019-12-30 17:00:12', NULL, NULL, NULL, NULL, NULL),
(1136, 234, 11, 13950, NULL, '2019-12-30 17:00:12', NULL, NULL, NULL, NULL, NULL),
(1144, 202, 6, 28425, NULL, '2019-12-30 17:02:23', NULL, NULL, NULL, NULL, NULL),
(1145, 202, 3, 29000, NULL, '2019-12-30 17:02:23', NULL, NULL, NULL, NULL, NULL),
(1146, 202, 7, 27850, NULL, '2019-12-30 17:02:23', NULL, NULL, NULL, NULL, NULL),
(1147, 202, 8, 27250, NULL, '2019-12-30 17:02:23', NULL, NULL, NULL, NULL, NULL),
(1148, 202, 9, 26675, NULL, '2019-12-30 17:02:23', NULL, NULL, NULL, NULL, NULL),
(1149, 202, 10, 26100, NULL, '2019-12-30 17:02:23', NULL, NULL, NULL, NULL, NULL),
(1150, 202, 11, 25525, NULL, '2019-12-30 17:02:23', NULL, NULL, NULL, NULL, NULL),
(1151, 203, 6, 14700, NULL, '2019-12-30 17:03:08', NULL, NULL, NULL, NULL, NULL),
(1152, 203, 3, 15000, NULL, '2019-12-30 17:03:08', NULL, NULL, NULL, NULL, NULL),
(1153, 203, 7, 14400, NULL, '2019-12-30 17:03:08', NULL, NULL, NULL, NULL, NULL),
(1154, 203, 8, 14100, NULL, '2019-12-30 17:03:08', NULL, NULL, NULL, NULL, NULL),
(1155, 203, 9, 13800, NULL, '2019-12-30 17:03:08', NULL, NULL, NULL, NULL, NULL),
(1156, 203, 10, 13500, NULL, '2019-12-30 17:03:08', NULL, NULL, NULL, NULL, NULL),
(1157, 203, 11, 13200, NULL, '2019-12-30 17:03:08', NULL, NULL, NULL, NULL, NULL),
(1158, 204, 6, 19600, NULL, '2019-12-30 17:03:53', NULL, NULL, NULL, NULL, NULL),
(1159, 204, 3, 20000, NULL, '2019-12-30 17:03:53', NULL, NULL, NULL, NULL, NULL),
(1160, 204, 7, 19200, NULL, '2019-12-30 17:03:53', NULL, NULL, NULL, NULL, NULL),
(1161, 204, 8, 18800, NULL, '2019-12-30 17:03:53', NULL, NULL, NULL, NULL, NULL),
(1162, 204, 9, 18400, NULL, '2019-12-30 17:03:53', NULL, NULL, NULL, NULL, NULL),
(1163, 204, 10, 18000, NULL, '2019-12-30 17:03:53', NULL, NULL, NULL, NULL, NULL),
(1164, 204, 11, 17600, NULL, '2019-12-30 17:03:53', NULL, NULL, NULL, NULL, NULL),
(1165, 205, 6, 12250, NULL, '2019-12-30 17:04:37', NULL, NULL, NULL, NULL, NULL),
(1166, 205, 3, 12500, NULL, '2019-12-30 17:04:37', NULL, NULL, NULL, NULL, NULL),
(1167, 205, 7, 12000, NULL, '2019-12-30 17:04:37', NULL, NULL, NULL, NULL, NULL),
(1168, 205, 8, 11750, NULL, '2019-12-30 17:04:37', NULL, NULL, NULL, NULL, NULL),
(1169, 205, 9, 11500, NULL, '2019-12-30 17:04:37', NULL, NULL, NULL, NULL, NULL),
(1170, 205, 10, 11250, NULL, '2019-12-30 17:04:37', NULL, NULL, NULL, NULL, NULL),
(1171, 205, 11, 11000, NULL, '2019-12-30 17:04:37', NULL, NULL, NULL, NULL, NULL),
(1172, 206, 6, 53900, NULL, '2019-12-30 17:05:16', NULL, NULL, NULL, NULL, NULL),
(1173, 206, 3, 55000, NULL, '2019-12-30 17:05:16', NULL, NULL, NULL, NULL, NULL),
(1174, 206, 7, 52800, NULL, '2019-12-30 17:05:16', NULL, NULL, NULL, NULL, NULL),
(1175, 206, 8, 51700, NULL, '2019-12-30 17:05:16', NULL, NULL, NULL, NULL, NULL),
(1176, 206, 9, 50600, NULL, '2019-12-30 17:05:16', NULL, NULL, NULL, NULL, NULL),
(1177, 206, 10, 49500, NULL, '2019-12-30 17:05:16', NULL, NULL, NULL, NULL, NULL),
(1178, 206, 11, 48400, NULL, '2019-12-30 17:05:16', NULL, NULL, NULL, NULL, NULL),
(1179, 211, 6, 13225, NULL, '2019-12-30 17:05:57', NULL, NULL, NULL, NULL, NULL),
(1180, 211, 3, 13500, NULL, '2019-12-30 17:05:57', NULL, NULL, NULL, NULL, NULL),
(1181, 211, 7, 12950, NULL, '2019-12-30 17:05:57', NULL, NULL, NULL, NULL, NULL),
(1182, 211, 8, 12700, NULL, '2019-12-30 17:05:57', NULL, NULL, NULL, NULL, NULL),
(1183, 211, 9, 12425, NULL, '2019-12-30 17:05:57', NULL, NULL, NULL, NULL, NULL),
(1184, 211, 10, 12150, NULL, '2019-12-30 17:05:57', NULL, NULL, NULL, NULL, NULL),
(1185, 211, 11, 11875, NULL, '2019-12-30 17:05:57', NULL, NULL, NULL, NULL, NULL),
(1186, 210, 6, 9800, NULL, '2019-12-30 17:07:25', NULL, NULL, NULL, NULL, NULL),
(1187, 210, 3, 10000, NULL, '2019-12-30 17:07:25', NULL, NULL, NULL, NULL, NULL),
(1188, 210, 7, 9600, NULL, '2019-12-30 17:07:25', NULL, NULL, NULL, NULL, NULL),
(1189, 210, 8, 9400, NULL, '2019-12-30 17:07:25', NULL, NULL, NULL, NULL, NULL),
(1190, 210, 9, 9200, NULL, '2019-12-30 17:07:25', NULL, NULL, NULL, NULL, NULL),
(1191, 210, 10, 9000, NULL, '2019-12-30 17:07:25', NULL, NULL, NULL, NULL, NULL),
(1192, 210, 11, 8800, NULL, '2019-12-30 17:07:25', NULL, NULL, NULL, NULL, NULL),
(1193, 209, 6, 23525, NULL, '2019-12-30 17:08:05', NULL, NULL, NULL, NULL, NULL),
(1194, 209, 3, 24000, NULL, '2019-12-30 17:08:05', NULL, NULL, NULL, NULL, NULL),
(1195, 209, 7, 23050, NULL, '2019-12-30 17:08:05', NULL, NULL, NULL, NULL, NULL),
(1196, 209, 8, 22550, NULL, '2019-12-30 17:08:05', NULL, NULL, NULL, NULL, NULL),
(1197, 209, 9, 22075, NULL, '2019-12-30 17:08:05', NULL, NULL, NULL, NULL, NULL),
(1198, 209, 10, 21600, NULL, '2019-12-30 17:08:05', NULL, NULL, NULL, NULL, NULL),
(1199, 209, 11, 21125, NULL, '2019-12-30 17:08:05', NULL, NULL, NULL, NULL, NULL),
(1200, 235, 6, 29400, NULL, '2019-12-30 17:09:59', NULL, NULL, NULL, NULL, NULL),
(1201, 235, 3, 30000, NULL, '2019-12-30 17:09:59', NULL, NULL, NULL, NULL, NULL),
(1202, 235, 7, 28800, NULL, '2019-12-30 17:09:59', NULL, NULL, NULL, NULL, NULL),
(1203, 235, 8, 28200, NULL, '2019-12-30 17:09:59', NULL, NULL, NULL, NULL, NULL),
(1204, 235, 9, 27600, NULL, '2019-12-30 17:09:59', NULL, NULL, NULL, NULL, NULL),
(1205, 235, 10, 27000, NULL, '2019-12-30 17:09:59', NULL, NULL, NULL, NULL, NULL),
(1206, 235, 11, 26400, NULL, '2019-12-30 17:09:59', NULL, NULL, NULL, NULL, NULL),
(1214, 208, 6, 23525, NULL, '2019-12-30 17:11:12', NULL, NULL, NULL, NULL, NULL),
(1215, 208, 3, 24000, NULL, '2019-12-30 17:11:12', NULL, NULL, NULL, NULL, NULL),
(1216, 208, 7, 23050, NULL, '2019-12-30 17:11:12', NULL, NULL, NULL, NULL, NULL),
(1217, 208, 8, 22550, NULL, '2019-12-30 17:11:12', NULL, NULL, NULL, NULL, NULL),
(1218, 208, 9, 22075, NULL, '2019-12-30 17:11:12', NULL, NULL, NULL, NULL, NULL),
(1219, 208, 10, 21600, NULL, '2019-12-30 17:11:12', NULL, NULL, NULL, NULL, NULL),
(1220, 208, 11, 21125, NULL, '2019-12-30 17:11:12', NULL, NULL, NULL, NULL, NULL),
(1221, 106, 6, 23525, NULL, '2019-12-30 17:11:50', NULL, NULL, NULL, NULL, NULL),
(1222, 106, 3, 24000, NULL, '2019-12-30 17:11:50', NULL, NULL, NULL, NULL, NULL),
(1223, 106, 7, 23050, NULL, '2019-12-30 17:11:50', NULL, NULL, NULL, NULL, NULL),
(1224, 106, 8, 22550, NULL, '2019-12-30 17:11:50', NULL, NULL, NULL, NULL, NULL),
(1225, 106, 9, 22075, NULL, '2019-12-30 17:11:50', NULL, NULL, NULL, NULL, NULL),
(1226, 106, 10, 21600, NULL, '2019-12-30 17:11:50', NULL, NULL, NULL, NULL, NULL),
(1227, 106, 11, 21125, NULL, '2019-12-30 17:11:50', NULL, NULL, NULL, NULL, NULL),
(1228, 207, 6, 53900, NULL, '2019-12-30 17:12:36', NULL, NULL, NULL, NULL, NULL),
(1229, 207, 3, 55000, NULL, '2019-12-30 17:12:36', NULL, NULL, NULL, NULL, NULL),
(1230, 207, 7, 52800, NULL, '2019-12-30 17:12:36', NULL, NULL, NULL, NULL, NULL),
(1231, 207, 8, 51700, NULL, '2019-12-30 17:12:36', NULL, NULL, NULL, NULL, NULL),
(1232, 207, 9, 50600, NULL, '2019-12-30 17:12:36', NULL, NULL, NULL, NULL, NULL),
(1233, 207, 10, 49500, NULL, '2019-12-30 17:12:36', NULL, NULL, NULL, NULL, NULL),
(1234, 207, 11, 48400, NULL, '2019-12-30 17:12:36', NULL, NULL, NULL, NULL, NULL),
(1235, 236, 6, 6375, NULL, '2019-12-31 10:57:41', NULL, NULL, NULL, NULL, NULL),
(1236, 236, 3, 6500, NULL, '2019-12-31 10:57:41', NULL, NULL, NULL, NULL, NULL),
(1237, 236, 7, 6300, NULL, '2019-12-31 10:57:41', NULL, NULL, NULL, NULL, NULL),
(1238, 236, 8, 6250, NULL, '2019-12-31 10:57:41', NULL, NULL, NULL, NULL, NULL),
(1239, 236, 9, 6175, NULL, '2019-12-31 10:57:41', NULL, NULL, NULL, NULL, NULL),
(1240, 236, 10, 6100, NULL, '2019-12-31 10:57:41', NULL, NULL, NULL, NULL, NULL),
(1241, 236, 11, 6050, NULL, '2019-12-31 10:57:41', NULL, NULL, NULL, NULL, NULL),
(1242, 237, 6, 6375, NULL, '2019-12-31 10:58:19', NULL, NULL, NULL, NULL, NULL),
(1243, 237, 3, 6500, NULL, '2019-12-31 10:58:19', NULL, NULL, NULL, NULL, NULL),
(1244, 237, 7, 6300, NULL, '2019-12-31 10:58:19', NULL, NULL, NULL, NULL, NULL),
(1245, 237, 8, 6250, NULL, '2019-12-31 10:58:19', NULL, NULL, NULL, NULL, NULL),
(1246, 237, 9, 6175, NULL, '2019-12-31 10:58:19', NULL, NULL, NULL, NULL, NULL),
(1247, 237, 10, 6100, NULL, '2019-12-31 10:58:19', NULL, NULL, NULL, NULL, NULL),
(1248, 237, 11, 6050, NULL, '2019-12-31 10:58:19', NULL, NULL, NULL, NULL, NULL),
(1249, 238, 6, 6375, NULL, '2019-12-31 10:59:10', NULL, NULL, NULL, NULL, NULL),
(1250, 238, 3, 6500, NULL, '2019-12-31 10:59:10', NULL, NULL, NULL, NULL, NULL),
(1251, 238, 7, 6300, NULL, '2019-12-31 10:59:10', NULL, NULL, NULL, NULL, NULL),
(1252, 238, 8, 6250, NULL, '2019-12-31 10:59:10', NULL, NULL, NULL, NULL, NULL),
(1253, 238, 9, 6175, NULL, '2019-12-31 10:59:10', NULL, NULL, NULL, NULL, NULL),
(1254, 238, 10, 6100, NULL, '2019-12-31 10:59:10', NULL, NULL, NULL, NULL, NULL),
(1255, 238, 11, 6050, NULL, '2019-12-31 10:59:10', NULL, NULL, NULL, NULL, NULL),
(1256, 239, 6, 27450, NULL, '2019-12-31 11:00:46', NULL, NULL, NULL, NULL, NULL),
(1257, 239, 3, 28000, NULL, '2019-12-31 11:00:46', NULL, NULL, NULL, NULL, NULL),
(1258, 239, 7, 26875, NULL, '2019-12-31 11:00:46', NULL, NULL, NULL, NULL, NULL),
(1259, 239, 8, 26325, NULL, '2019-12-31 11:00:46', NULL, NULL, NULL, NULL, NULL),
(1260, 239, 9, 25750, NULL, '2019-12-31 11:00:46', NULL, NULL, NULL, NULL, NULL),
(1261, 239, 10, 25200, NULL, '2019-12-31 11:00:46', NULL, NULL, NULL, NULL, NULL),
(1262, 239, 11, 24650, NULL, '2019-12-31 11:00:46', NULL, NULL, NULL, NULL, NULL),
(1263, 240, 6, 25975, NULL, '2019-12-31 11:02:02', NULL, NULL, NULL, NULL, NULL),
(1264, 240, 3, 26500, NULL, '2019-12-31 11:02:02', NULL, NULL, NULL, NULL, NULL),
(1265, 240, 7, 25700, NULL, '2019-12-31 11:02:02', NULL, NULL, NULL, NULL, NULL),
(1266, 240, 8, 25450, NULL, '2019-12-31 11:02:02', NULL, NULL, NULL, NULL, NULL),
(1267, 240, 9, 25175, NULL, '2019-12-31 11:02:02', NULL, NULL, NULL, NULL, NULL),
(1268, 240, 10, 25175, NULL, '2019-12-31 11:02:02', NULL, NULL, NULL, NULL, NULL),
(1269, 240, 11, 25175, NULL, '2019-12-31 11:02:02', NULL, NULL, NULL, NULL, NULL),
(1270, 241, 6, 25500, NULL, '2019-12-31 11:04:03', NULL, NULL, NULL, NULL, NULL),
(1271, 241, 3, 26000, NULL, '2019-12-31 11:04:03', NULL, NULL, NULL, NULL, NULL),
(1272, 241, 7, 25000, NULL, '2019-12-31 11:04:03', NULL, NULL, NULL, NULL, NULL),
(1273, 241, 8, 24500, NULL, '2019-12-31 11:04:03', NULL, NULL, NULL, NULL, NULL),
(1274, 241, 9, 24000, NULL, '2019-12-31 11:04:03', NULL, NULL, NULL, NULL, NULL),
(1275, 241, 10, 23750, NULL, '2019-12-31 11:04:03', NULL, NULL, NULL, NULL, NULL),
(1276, 241, 11, 23500, NULL, '2019-12-31 11:04:03', NULL, NULL, NULL, NULL, NULL),
(1277, 242, 6, 31350, NULL, '2019-12-31 11:04:53', NULL, NULL, NULL, NULL, NULL),
(1278, 242, 3, 32000, NULL, '2019-12-31 11:04:53', NULL, NULL, NULL, NULL, NULL),
(1279, 242, 7, 30725, NULL, '2019-12-31 11:04:53', NULL, NULL, NULL, NULL, NULL),
(1280, 242, 8, 30075, NULL, '2019-12-31 11:04:53', NULL, NULL, NULL, NULL, NULL),
(1281, 242, 9, 29450, NULL, '2019-12-31 11:04:53', NULL, NULL, NULL, NULL, NULL),
(1282, 242, 10, 28800, NULL, '2019-12-31 11:04:53', NULL, NULL, NULL, NULL, NULL),
(1283, 242, 11, 28150, NULL, '2019-12-31 11:04:53', NULL, NULL, NULL, NULL, NULL),
(1284, 243, 6, 55000, NULL, '2019-12-31 11:05:46', NULL, NULL, NULL, NULL, NULL),
(1285, 243, 3, 53900, NULL, '2019-12-31 11:05:46', NULL, NULL, NULL, NULL, NULL),
(1286, 243, 7, 52800, NULL, '2019-12-31 11:05:46', NULL, NULL, NULL, NULL, NULL),
(1287, 243, 8, 51700, NULL, '2019-12-31 11:05:46', NULL, NULL, NULL, NULL, NULL),
(1288, 243, 9, 50600, NULL, '2019-12-31 11:05:46', NULL, NULL, NULL, NULL, NULL),
(1289, 243, 10, 49500, NULL, '2019-12-31 11:05:46', NULL, NULL, NULL, NULL, NULL),
(1290, 243, 11, 48400, NULL, '2019-12-31 11:05:46', NULL, NULL, NULL, NULL, NULL),
(1291, 244, 6, 53900, NULL, '2019-12-31 11:06:24', NULL, NULL, NULL, NULL, NULL),
(1292, 244, 3, 55000, NULL, '2019-12-31 11:06:24', NULL, NULL, NULL, NULL, NULL),
(1293, 244, 7, 52800, NULL, '2019-12-31 11:06:24', NULL, NULL, NULL, NULL, NULL),
(1294, 244, 8, 51700, NULL, '2019-12-31 11:06:24', NULL, NULL, NULL, NULL, NULL),
(1295, 244, 9, 50600, NULL, '2019-12-31 11:06:24', NULL, NULL, NULL, NULL, NULL),
(1296, 244, 10, 49500, NULL, '2019-12-31 11:06:24', NULL, NULL, NULL, NULL, NULL),
(1297, 244, 11, 48400, NULL, '2019-12-31 11:06:24', NULL, NULL, NULL, NULL, NULL),
(1298, 245, 6, 53900, NULL, '2019-12-31 11:06:57', NULL, NULL, NULL, NULL, NULL),
(1299, 245, 3, 55000, NULL, '2019-12-31 11:06:57', NULL, NULL, NULL, NULL, NULL),
(1300, 245, 7, 52800, NULL, '2019-12-31 11:06:57', NULL, NULL, NULL, NULL, NULL),
(1301, 245, 8, 51700, NULL, '2019-12-31 11:06:57', NULL, NULL, NULL, NULL, NULL),
(1302, 245, 9, 50600, NULL, '2019-12-31 11:06:57', NULL, NULL, NULL, NULL, NULL),
(1303, 245, 10, 49500, NULL, '2019-12-31 11:06:57', NULL, NULL, NULL, NULL, NULL),
(1304, 245, 11, 48400, NULL, '2019-12-31 11:06:57', NULL, NULL, NULL, NULL, NULL),
(1305, 246, 6, 53900, NULL, '2019-12-31 11:07:36', NULL, NULL, NULL, NULL, NULL),
(1306, 246, 3, 55000, NULL, '2019-12-31 11:07:36', NULL, NULL, NULL, NULL, NULL),
(1307, 246, 7, 52800, NULL, '2019-12-31 11:07:36', NULL, NULL, NULL, NULL, NULL),
(1308, 246, 8, 51700, NULL, '2019-12-31 11:07:36', NULL, NULL, NULL, NULL, NULL),
(1309, 246, 9, 50600, NULL, '2019-12-31 11:07:36', NULL, NULL, NULL, NULL, NULL),
(1310, 246, 10, 49500, NULL, '2019-12-31 11:07:36', NULL, NULL, NULL, NULL, NULL),
(1311, 246, 11, 48400, NULL, '2019-12-31 11:07:36', NULL, NULL, NULL, NULL, NULL),
(1312, 247, 6, 53900, NULL, '2019-12-31 11:08:27', NULL, NULL, NULL, NULL, NULL),
(1313, 247, 3, 55000, NULL, '2019-12-31 11:08:27', NULL, NULL, NULL, NULL, NULL),
(1314, 247, 7, 52800, NULL, '2019-12-31 11:08:27', NULL, NULL, NULL, NULL, NULL),
(1315, 247, 8, 51700, NULL, '2019-12-31 11:08:27', NULL, NULL, NULL, NULL, NULL),
(1316, 247, 9, 50600, NULL, '2019-12-31 11:08:27', NULL, NULL, NULL, NULL, NULL),
(1317, 247, 10, 49500, NULL, '2019-12-31 11:08:27', NULL, NULL, NULL, NULL, NULL),
(1318, 247, 11, 48800, NULL, '2019-12-31 11:08:27', NULL, NULL, NULL, NULL, NULL),
(1319, 247, 6, 53900, NULL, '2019-12-31 11:08:27', NULL, NULL, NULL, NULL, NULL),
(1320, 247, 3, 55000, NULL, '2019-12-31 11:08:27', NULL, NULL, NULL, NULL, NULL),
(1321, 247, 7, 52800, NULL, '2019-12-31 11:08:27', NULL, NULL, NULL, NULL, NULL),
(1322, 247, 8, 51700, NULL, '2019-12-31 11:08:27', NULL, NULL, NULL, NULL, NULL),
(1323, 247, 9, 50600, NULL, '2019-12-31 11:08:27', NULL, NULL, NULL, NULL, NULL),
(1324, 247, 10, 49500, NULL, '2019-12-31 11:08:27', NULL, NULL, NULL, NULL, NULL),
(1325, 247, 11, 48800, NULL, '2019-12-31 11:08:27', NULL, NULL, NULL, NULL, NULL);

-- --------------------------------------------------------

--
-- Table structure for table `tbl_hak_akses`
--

CREATE TABLE `tbl_hak_akses` (
  `id` int(11) NOT NULL,
  `id_user_level` int(11) NOT NULL,
  `id_menu` int(11) NOT NULL
) ENGINE=MyISAM DEFAULT CHARSET=latin1 ROW_FORMAT=DYNAMIC;

--
-- Dumping data for table `tbl_hak_akses`
--

INSERT INTO `tbl_hak_akses` (`id`, `id_user_level`, `id_menu`) VALUES
(1, 1, 1),
(2, 1, 3),
(3, 1, 2),
(4, 2, 4),
(5, 2, 5),
(6, 2, 6),
(7, 2, 7),
(8, 2, 8),
(9, 2, 9),
(10, 2, 10),
(11, 2, 11),
(13, 2, 13),
(12, 2, 12),
(15, 2, 15);

-- --------------------------------------------------------

--
-- Table structure for table `tbl_menu`
--

CREATE TABLE `tbl_menu` (
  `id_menu` int(11) NOT NULL,
  `title` varchar(50) NOT NULL,
  `url` varchar(30) NOT NULL,
  `icon` varchar(30) NOT NULL,
  `is_main_menu` int(11) NOT NULL,
  `is_aktif` enum('y','n') NOT NULL COMMENT 'y=yes,n=no'
) ENGINE=MyISAM DEFAULT CHARSET=latin1 ROW_FORMAT=DYNAMIC;

--
-- Dumping data for table `tbl_menu`
--

INSERT INTO `tbl_menu` (`id_menu`, `title`, `url`, `icon`, `is_main_menu`, `is_aktif`) VALUES
(1, 'KELOLA MENU', 'kelolamenu', 'fa fa-server', 0, 'y'),
(2, 'KELOLA PENGGUNA', 'user', 'fa fa-user-o', 0, 'y'),
(3, 'level PENGGUNA', 'userlevel', 'fa fa-users', 0, 'y'),
(4, 'Master Group', 'master_group', 'fa fa-database', 0, 'y'),
(5, 'Master Kasir', 'master_kasir', 'fa fa-users', 0, 'y'),
(6, 'Data Barang', 'tab_barang', 'fa fa-barcode', 0, 'y'),
(7, 'Tipe Customer', 'tab_kasir', 'fa fa-id-card', 0, 'y'),
(8, 'Pricelist', 'tab_pricelist', 'fa fa-money', 0, 'y'),
(9, 'Stock Opname', 'stock_opname', 'fa fa-plus-square', 0, 'y'),
(10, 'Dropping Kasir', 'dropping', 'fa fa-angle-double-down', 0, 'n'),
(11, 'Master Stok Kasir', 'master_stok_kasir', 'fa fa-angle-double-down', 0, 'y'),
(12, 'Mutasi', 'mutasi', 'fa fa-newspaper-o', 15, 'y'),
(13, 'Retur Kasir', 'retur_kasir', 'fa fa-angle-double-up', 0, 'y'),
(15, 'Laporan', '#', 'fa fa-area-chart', 0, 'y'),
(16, 'Laporan Penjualan', 'welcome', 'fa fa-area-chart', 15, 'y'),
(17, 'Stock Kasir', 'kasir_stock', 'fa fa-area-chart', 15, 'y');

-- --------------------------------------------------------

--
-- Table structure for table `tbl_setting`
--

CREATE TABLE `tbl_setting` (
  `id_setting` int(11) NOT NULL,
  `nama_setting` varchar(50) NOT NULL,
  `value` varchar(40) NOT NULL
) ENGINE=MyISAM DEFAULT CHARSET=latin1 ROW_FORMAT=DYNAMIC;

--
-- Dumping data for table `tbl_setting`
--

INSERT INTO `tbl_setting` (`id_setting`, `nama_setting`, `value`) VALUES
(1, 'Tampil Menu', 'ya');

-- --------------------------------------------------------

--
-- Table structure for table `tbl_user`
--

CREATE TABLE `tbl_user` (
  `id_users` int(11) NOT NULL,
  `full_name` varchar(50) NOT NULL,
  `email` varchar(50) NOT NULL,
  `password` varchar(255) NOT NULL,
  `images` text NOT NULL,
  `id_user_level` int(11) NOT NULL,
  `is_aktif` enum('y','n') NOT NULL
) ENGINE=MyISAM DEFAULT CHARSET=latin1 ROW_FORMAT=DYNAMIC;

--
-- Dumping data for table `tbl_user`
--

INSERT INTO `tbl_user` (`id_users`, `full_name`, `email`, `password`, `images`, `id_user_level`, `is_aktif`) VALUES
(1, 'super', 'super@super.com', '$2y$10$73A3ZXTaPO0QHGTzE/zmX.648xupa1vy.bNDJT6lAOG.GpM7hLCWq', 'atomix_user31.png', 1, 'y'),
(2, 'admin', 'admin@admin.com', '$2y$10$ZrmrJNw0Ui6Cdzsgvbkkdeuxs6.UdhmQQ0OVqVtoW0hs588r1H.1O', 'atomix_user31.png', 2, 'y'),
(3, 'user', 'user@user.com', '$2y$04$Wbyfv4xwihb..POfhxY5Y.jHOJqEFIG3dLfBYwAmnOACpH0EWCCdq', 'atomix_user31.png', 3, 'y'),
(8, 'dev', 'admin@admin.com', '$2y$10$MTzpdLelTf7XI1EpN430Ge6ZlKz3Jf5yui7bjyXJwOYDl65kVCtUW', 'atomix_user31.png', 2, 'y');

-- --------------------------------------------------------

--
-- Table structure for table `tbl_user_level`
--

CREATE TABLE `tbl_user_level` (
  `id_user_level` int(11) NOT NULL,
  `nama_level` varchar(30) NOT NULL
) ENGINE=MyISAM DEFAULT CHARSET=latin1 ROW_FORMAT=DYNAMIC;

--
-- Dumping data for table `tbl_user_level`
--

INSERT INTO `tbl_user_level` (`id_user_level`, `nama_level`) VALUES
(1, 'Super Admin'),
(2, 'Admin'),
(3, 'User');

-- --------------------------------------------------------

--
-- Table structure for table `temp_master_stok_kasir`
--

CREATE TABLE `temp_master_stok_kasir` (
  `id_s_kasir` int(5) NOT NULL,
  `nostokkasir` varchar(12) NOT NULL,
  `kode_barang` int(5) DEFAULT NULL,
  `stok` int(10) DEFAULT NULL,
  `min_stok` int(10) DEFAULT NULL,
  `retur` int(1) NOT NULL DEFAULT '0',
  `datetime` datetime DEFAULT NULL ON UPDATE CURRENT_TIMESTAMP
) ENGINE=MyISAM DEFAULT CHARSET=utf8mb4 ROW_FORMAT=DYNAMIC;

-- --------------------------------------------------------

--
-- Table structure for table `temp_stock_opname`
--

CREATE TABLE `temp_stock_opname` (
  `id_stock_opname` int(5) NOT NULL,
  `nostockopname` varchar(12) NOT NULL,
  `kode_barang` int(5) DEFAULT NULL,
  `stok` int(10) DEFAULT NULL,
  `datetime` datetime DEFAULT NULL ON UPDATE CURRENT_TIMESTAMP
) ENGINE=MyISAM DEFAULT CHARSET=utf8mb4 ROW_FORMAT=DYNAMIC;

-- --------------------------------------------------------

--
-- Table structure for table `temp_trans`
--

CREATE TABLE `temp_trans` (
  `id_trans` int(10) NOT NULL,
  `notrans` varchar(12) NOT NULL,
  `kode_barang` int(5) NOT NULL,
  `kode_m_kasir` int(5) NOT NULL,
  `qty` int(5) NOT NULL,
  `harga` int(20) NOT NULL,
  `jumlah` int(20) DEFAULT NULL,
  `datetime` datetime NOT NULL
) ENGINE=MyISAM DEFAULT CHARSET=utf8mb4;

-- --------------------------------------------------------

--
-- Table structure for table `trans`
--

CREATE TABLE `trans` (
  `id_trans` int(10) NOT NULL,
  `notrans` varchar(12) NOT NULL,
  `kode_m_kasir` int(5) NOT NULL,
  `jumlah` int(20) NOT NULL,
  `datetime` datetime NOT NULL
) ENGINE=MyISAM DEFAULT CHARSET=utf8mb4;

-- --------------------------------------------------------

--
-- Table structure for table `trans_detail`
--

CREATE TABLE `trans_detail` (
  `id_trans` int(10) NOT NULL,
  `notrans` varchar(12) NOT NULL,
  `kode_barang` int(5) NOT NULL,
  `kode_m_kasir` int(5) NOT NULL,
  `qty` int(5) NOT NULL,
  `harga` int(20) NOT NULL,
  `jumlah` int(20) NOT NULL,
  `datetime` datetime NOT NULL
) ENGINE=MyISAM DEFAULT CHARSET=utf8mb4;

--
-- Indexes for dumped tables
--

--
-- Indexes for table `counter`
--
ALTER TABLE `counter`
  ADD PRIMARY KEY (`id`),
  ADD UNIQUE KEY `id` (`id`);

--
-- Indexes for table `log`
--
ALTER TABLE `log`
  ADD PRIMARY KEY (`id_log`);

--
-- Indexes for table `master_group`
--
ALTER TABLE `master_group`
  ADD PRIMARY KEY (`kode_group`) USING BTREE;

--
-- Indexes for table `master_kasir`
--
ALTER TABLE `master_kasir`
  ADD PRIMARY KEY (`kode_m_kasir`) USING BTREE;

--
-- Indexes for table `master_stok_kasir`
--
ALTER TABLE `master_stok_kasir`
  ADD PRIMARY KEY (`id_s_kasir`) USING BTREE;

--
-- Indexes for table `master_stok_kasir_detail`
--
ALTER TABLE `master_stok_kasir_detail`
  ADD PRIMARY KEY (`id_s_kasir`) USING BTREE;

--
-- Indexes for table `stock_m_kasir`
--
ALTER TABLE `stock_m_kasir`
  ADD PRIMARY KEY (`id`);

--
-- Indexes for table `stock_opname`
--
ALTER TABLE `stock_opname`
  ADD PRIMARY KEY (`id_stock_opname`) USING BTREE;

--
-- Indexes for table `stock_opname_detail`
--
ALTER TABLE `stock_opname_detail`
  ADD PRIMARY KEY (`id_stock_opname`) USING BTREE;

--
-- Indexes for table `tab_barang`
--
ALTER TABLE `tab_barang`
  ADD PRIMARY KEY (`kode_barang`) USING BTREE;

--
-- Indexes for table `tab_kasir`
--
ALTER TABLE `tab_kasir`
  ADD PRIMARY KEY (`kode_kasir`) USING BTREE;

--
-- Indexes for table `tab_pricelist`
--
ALTER TABLE `tab_pricelist`
  ADD PRIMARY KEY (`id_pricelist`) USING BTREE;

--
-- Indexes for table `tbl_hak_akses`
--
ALTER TABLE `tbl_hak_akses`
  ADD PRIMARY KEY (`id`) USING BTREE;

--
-- Indexes for table `tbl_menu`
--
ALTER TABLE `tbl_menu`
  ADD PRIMARY KEY (`id_menu`) USING BTREE;

--
-- Indexes for table `tbl_setting`
--
ALTER TABLE `tbl_setting`
  ADD PRIMARY KEY (`id_setting`) USING BTREE;

--
-- Indexes for table `tbl_user`
--
ALTER TABLE `tbl_user`
  ADD PRIMARY KEY (`id_users`) USING BTREE;

--
-- Indexes for table `tbl_user_level`
--
ALTER TABLE `tbl_user_level`
  ADD PRIMARY KEY (`id_user_level`) USING BTREE;

--
-- Indexes for table `temp_master_stok_kasir`
--
ALTER TABLE `temp_master_stok_kasir`
  ADD PRIMARY KEY (`id_s_kasir`) USING BTREE;

--
-- Indexes for table `temp_stock_opname`
--
ALTER TABLE `temp_stock_opname`
  ADD PRIMARY KEY (`id_stock_opname`) USING BTREE;

--
-- Indexes for table `temp_trans`
--
ALTER TABLE `temp_trans`
  ADD PRIMARY KEY (`id_trans`);

--
-- Indexes for table `trans`
--
ALTER TABLE `trans`
  ADD PRIMARY KEY (`id_trans`);

--
-- Indexes for table `trans_detail`
--
ALTER TABLE `trans_detail`
  ADD PRIMARY KEY (`id_trans`);

--
-- AUTO_INCREMENT for dumped tables
--

--
-- AUTO_INCREMENT for table `log`
--
ALTER TABLE `log`
  MODIFY `id_log` int(10) NOT NULL AUTO_INCREMENT, AUTO_INCREMENT=495;
--
-- AUTO_INCREMENT for table `master_group`
--
ALTER TABLE `master_group`
  MODIFY `kode_group` int(5) NOT NULL AUTO_INCREMENT, AUTO_INCREMENT=14;
--
-- AUTO_INCREMENT for table `master_kasir`
--
ALTER TABLE `master_kasir`
  MODIFY `kode_m_kasir` int(5) NOT NULL AUTO_INCREMENT, AUTO_INCREMENT=9;
--
-- AUTO_INCREMENT for table `master_stok_kasir`
--
ALTER TABLE `master_stok_kasir`
  MODIFY `id_s_kasir` int(5) NOT NULL AUTO_INCREMENT, AUTO_INCREMENT=76;
--
-- AUTO_INCREMENT for table `master_stok_kasir_detail`
--
ALTER TABLE `master_stok_kasir_detail`
  MODIFY `id_s_kasir` int(5) NOT NULL AUTO_INCREMENT, AUTO_INCREMENT=252;
--
-- AUTO_INCREMENT for table `stock_m_kasir`
--
ALTER TABLE `stock_m_kasir`
  MODIFY `id` int(10) NOT NULL AUTO_INCREMENT, AUTO_INCREMENT=238;
--
-- AUTO_INCREMENT for table `stock_opname`
--
ALTER TABLE `stock_opname`
  MODIFY `id_stock_opname` int(5) NOT NULL AUTO_INCREMENT, AUTO_INCREMENT=58;
--
-- AUTO_INCREMENT for table `stock_opname_detail`
--
ALTER TABLE `stock_opname_detail`
  MODIFY `id_stock_opname` int(5) NOT NULL AUTO_INCREMENT, AUTO_INCREMENT=170;
--
-- AUTO_INCREMENT for table `tab_barang`
--
ALTER TABLE `tab_barang`
  MODIFY `kode_barang` int(5) NOT NULL AUTO_INCREMENT, AUTO_INCREMENT=250;
--
-- AUTO_INCREMENT for table `tab_kasir`
--
ALTER TABLE `tab_kasir`
  MODIFY `kode_kasir` int(5) NOT NULL AUTO_INCREMENT, AUTO_INCREMENT=12;
--
-- AUTO_INCREMENT for table `tab_pricelist`
--
ALTER TABLE `tab_pricelist`
  MODIFY `id_pricelist` int(5) NOT NULL AUTO_INCREMENT, AUTO_INCREMENT=1340;
--
-- AUTO_INCREMENT for table `tbl_hak_akses`
--
ALTER TABLE `tbl_hak_akses`
  MODIFY `id` int(11) NOT NULL AUTO_INCREMENT, AUTO_INCREMENT=16;
--
-- AUTO_INCREMENT for table `tbl_menu`
--
ALTER TABLE `tbl_menu`
  MODIFY `id_menu` int(11) NOT NULL AUTO_INCREMENT, AUTO_INCREMENT=18;
--
-- AUTO_INCREMENT for table `tbl_setting`
--
ALTER TABLE `tbl_setting`
  MODIFY `id_setting` int(11) NOT NULL AUTO_INCREMENT, AUTO_INCREMENT=2;
--
-- AUTO_INCREMENT for table `tbl_user`
--
ALTER TABLE `tbl_user`
  MODIFY `id_users` int(11) NOT NULL AUTO_INCREMENT, AUTO_INCREMENT=9;
--
-- AUTO_INCREMENT for table `tbl_user_level`
--
ALTER TABLE `tbl_user_level`
  MODIFY `id_user_level` int(11) NOT NULL AUTO_INCREMENT, AUTO_INCREMENT=4;
--
-- AUTO_INCREMENT for table `temp_master_stok_kasir`
--
ALTER TABLE `temp_master_stok_kasir`
  MODIFY `id_s_kasir` int(5) NOT NULL AUTO_INCREMENT, AUTO_INCREMENT=352;
--
-- AUTO_INCREMENT for table `temp_stock_opname`
--
ALTER TABLE `temp_stock_opname`
  MODIFY `id_stock_opname` int(5) NOT NULL AUTO_INCREMENT, AUTO_INCREMENT=176;
--
-- AUTO_INCREMENT for table `temp_trans`
--
ALTER TABLE `temp_trans`
  MODIFY `id_trans` int(10) NOT NULL AUTO_INCREMENT, AUTO_INCREMENT=114;
--
-- AUTO_INCREMENT for table `trans`
--
ALTER TABLE `trans`
  MODIFY `id_trans` int(10) NOT NULL AUTO_INCREMENT, AUTO_INCREMENT=92;
--
-- AUTO_INCREMENT for table `trans_detail`
--
ALTER TABLE `trans_detail`
  MODIFY `id_trans` int(10) NOT NULL AUTO_INCREMENT, AUTO_INCREMENT=108;
/*!40101 SET CHARACTER_SET_CLIENT=@OLD_CHARACTER_SET_CLIENT */;
/*!40101 SET CHARACTER_SET_RESULTS=@OLD_CHARACTER_SET_RESULTS */;
/*!40101 SET COLLATION_CONNECTION=@OLD_COLLATION_CONNECTION */;
